,Model,FS,Accuracy,Precision,Recall,F1-score,F1-micro,F1-weight,Brier,AUC,MCC,Type,Dataset
0,Stack-LR,PCA,84.42,82.99,86.6,84.76,84.42,84.42,0.11,0.92,0.65,Stacking,Extract Variable
1,Stack-LR,PCA,83.02,83.12,82.87,83,83.02,83.02,0.12,0.92,0.65,Stacking,Extract Variable
2,Stack-LR,PCA,85.05,85.94,83.8,84.86,85.05,85.04,0.11,0.92,0.65,Stacking,Extract Variable
3,Stack-LR,PCA,81.62,78.92,86.29,82.44,81.62,81.58,0.14,0.89,0.65,Stacking,Extract Variable
4,Stack-LR,PCA,80.97,82.14,79.06,80.57,80.97,80.96,0.14,0.89,0.65,Stacking,Extract Variable
5,Stack-LR,PCA,79.56,80,78.75,79.37,79.56,79.56,0.15,0.88,0.65,Stacking,Extract Variable
6,Stack-LR,PCA,80.34,79.75,81.25,80.5,80.34,80.34,0.14,0.89,0.65,Stacking,Extract Variable
7,Stack-LR,PCA,80.34,80.56,80.06,80.31,80.34,80.34,0.14,0.89,0.65,Stacking,Extract Variable
8,Stack-LR,PCA,82.53,82.97,81.93,82.45,82.53,82.53,0.13,0.9,0.65,Stacking,Extract Variable
9,Stack-LR,PCA,85.49,82.76,89.72,86.1,85.49,85.46,0.11,0.93,0.65,Stacking,Extract Variable
10,Stack-DT,PCA,76.95,76.29,78.19,77.23,76.95,76.94,0.23,0.77,0.5,Stacking,Extract Variable
11,Stack-DT,PCA,73.36,73.58,72.9,73.24,73.36,73.36,0.27,0.73,0.5,Stacking,Extract Variable
12,Stack-DT,PCA,77.26,78.88,74.45,76.6,77.26,77.24,0.23,0.77,0.5,Stacking,Extract Variable
13,Stack-DT,PCA,74.45,75.24,72.9,74.05,74.45,74.45,0.26,0.74,0.5,Stacking,Extract Variable
14,Stack-DT,PCA,74.57,74.3,75,74.65,74.57,74.57,0.25,0.75,0.5,Stacking,Extract Variable
15,Stack-DT,PCA,74.73,74.38,75.31,74.84,74.73,74.73,0.25,0.75,0.5,Stacking,Extract Variable
16,Stack-DT,PCA,72.7,72.31,73.44,72.87,72.7,72.7,0.27,0.73,0.5,Stacking,Extract Variable
17,Stack-DT,PCA,73.32,76.04,68.22,71.92,73.32,73.25,0.27,0.73,0.5,Stacking,Extract Variable
18,Stack-DT,PCA,75.2,75.63,74.45,75.04,75.2,75.19,0.25,0.75,0.5,Stacking,Extract Variable
19,Stack-DT,PCA,78.78,77.95,80.37,79.14,78.78,78.78,0.21,0.79,0.5,Stacking,Extract Variable
0,TBStack-LR,PCA,83.18,82.57,84.11,83.33,83.18,83.18,0.12,0.92,0.65,TreeStacking,Extract Variable
1,TBStack-LR,PCA,82.87,82.46,83.49,82.97,82.87,82.87,0.12,0.92,0.65,TreeStacking,Extract Variable
2,TBStack-LR,PCA,85.36,86.26,84.11,85.17,85.36,85.36,0.11,0.93,0.65,TreeStacking,Extract Variable
3,TBStack-LR,PCA,82.09,80.29,85.05,82.6,82.09,82.07,0.13,0.89,0.65,TreeStacking,Extract Variable
4,TBStack-LR,PCA,81.75,82.43,80.62,81.52,81.75,81.74,0.13,0.9,0.65,TreeStacking,Extract Variable
5,TBStack-LR,PCA,80.34,81.91,77.81,79.81,80.34,80.33,0.14,0.89,0.65,TreeStacking,Extract Variable
6,TBStack-LR,PCA,81.12,81,81.25,81.12,81.12,81.12,0.13,0.89,0.65,TreeStacking,Extract Variable
7,TBStack-LR,PCA,80.5,81.61,78.82,80.19,80.5,80.49,0.13,0.89,0.65,TreeStacking,Extract Variable
8,TBStack-LR,PCA,83,81.74,85.05,83.36,83,82.99,0.12,0.9,0.65,TreeStacking,Extract Variable
9,TBStack-LR,PCA,85.18,83.43,87.85,85.58,85.18,85.17,0.1,0.93,0.65,TreeStacking,Extract Variable
10,TBStack-DT,PCA,72.9,74.1,70.4,72.2,72.9,72.88,0.27,0.73,0.49,TreeStacking,Extract Variable
11,TBStack-DT,PCA,72.74,72.26,73.83,73.04,72.74,72.74,0.27,0.73,0.49,TreeStacking,Extract Variable
12,TBStack-DT,PCA,75.86,75.62,76.32,75.97,75.86,75.86,0.24,0.76,0.49,TreeStacking,Extract Variable
13,TBStack-DT,PCA,74.14,74.76,72.9,73.82,74.14,74.14,0.26,0.74,0.49,TreeStacking,Extract Variable
14,TBStack-DT,PCA,76.44,78.07,73.44,75.68,76.44,76.42,0.24,0.76,0.49,TreeStacking,Extract Variable
15,TBStack-DT,PCA,75.98,77.12,73.75,75.4,75.98,75.96,0.24,0.76,0.49,TreeStacking,Extract Variable
16,TBStack-DT,PCA,73.79,73.03,75.31,74.15,73.79,73.79,0.26,0.74,0.49,TreeStacking,Extract Variable
17,TBStack-DT,PCA,71.29,73.06,67.6,70.23,71.29,71.26,0.29,0.71,0.49,TreeStacking,Extract Variable
18,TBStack-DT,PCA,73.48,73.82,72.9,73.35,73.48,73.48,0.27,0.73,0.49,TreeStacking,Extract Variable
19,TBStack-DT,PCA,76.76,76.54,77.26,76.9,76.76,76.75,0.23,0.77,0.49,TreeStacking,Extract Variable
0,Stack-LR,PCA,81.59,82.12,80.74,81.43,81.59,81.58,0.13,0.9,0.65,Stacking,Inline Variable
1,Stack-LR,PCA,82.16,80.71,84.51,82.56,82.16,82.15,0.12,0.91,0.65,Stacking,Inline Variable
2,Stack-LR,PCA,81.59,80.53,83.33,81.9,81.59,81.58,0.13,0.9,0.65,Stacking,Inline Variable
3,Stack-LR,PCA,83.96,84.23,83.57,83.9,83.96,83.96,0.11,0.92,0.65,Stacking,Inline Variable
4,Stack-LR,PCA,82.97,82.82,83.2,83.01,82.97,82.97,0.12,0.91,0.65,Stacking,Inline Variable
5,Stack-LR,PCA,82.15,82.68,81.36,82.01,82.15,82.15,0.13,0.9,0.65,Stacking,Inline Variable
6,Stack-LR,PCA,82.89,81.76,84.67,83.19,82.89,82.89,0.12,0.9,0.65,Stacking,Inline Variable
7,Stack-LR,PCA,82.5,82.13,83.07,82.6,82.5,82.5,0.12,0.9,0.65,Stacking,Inline Variable
8,Stack-LR,PCA,82.38,80.53,85.4,82.9,82.38,82.36,0.12,0.91,0.65,Stacking,Inline Variable
9,Stack-LR,PCA,83.67,81.78,86.63,84.14,83.67,83.65,0.12,0.92,0.65,Stacking,Inline Variable
10,Stack-DT,PCA,75.29,75.76,74.37,75.06,75.29,75.29,0.25,0.75,0.51,Stacking,Inline Variable
11,Stack-DT,PCA,76.33,76.95,75.18,76.05,76.33,76.33,0.24,0.76,0.51,Stacking,Inline Variable
12,Stack-DT,PCA,74.84,75.06,74.42,74.74,74.84,74.84,0.25,0.75,0.51,Stacking,Inline Variable
13,Stack-DT,PCA,72.57,75.69,66.53,70.81,72.57,72.47,0.27,0.73,0.51,Stacking,Inline Variable
14,Stack-DT,PCA,75.53,77.21,72.44,74.75,75.53,75.51,0.24,0.76,0.51,Stacking,Inline Variable
15,Stack-DT,PCA,74.69,75.23,73.63,74.42,74.69,74.69,0.25,0.75,0.51,Stacking,Inline Variable
16,Stack-DT,PCA,75.16,76.07,73.43,74.72,75.16,75.16,0.25,0.75,0.51,Stacking,Inline Variable
17,Stack-DT,PCA,77.09,78.16,75.18,76.64,77.09,77.08,0.23,0.77,0.51,Stacking,Inline Variable
18,Stack-DT,PCA,75.33,75.09,75.8,75.44,75.33,75.33,0.25,0.75,0.51,Stacking,Inline Variable
19,Stack-DT,PCA,76.27,75.13,78.54,76.79,76.27,76.26,0.24,0.76,0.51,Stacking,Inline Variable
0,TBStack-LR,PCA,85.33,84.42,86.63,85.51,85.33,85.32,0.11,0.93,0.72,TreeStacking,Inline Variable
1,TBStack-LR,PCA,86.02,84.71,87.9,86.28,86.02,86.02,0.1,0.93,0.72,TreeStacking,Inline Variable
2,TBStack-LR,PCA,84.55,83.83,85.62,84.71,84.55,84.55,0.11,0.92,0.72,TreeStacking,Inline Variable
3,TBStack-LR,PCA,87.72,86.08,89.99,87.99,87.72,87.71,0.09,0.94,0.72,TreeStacking,Inline Variable
4,TBStack-LR,PCA,85.77,85.11,86.71,85.91,85.77,85.77,0.1,0.92,0.72,TreeStacking,Inline Variable
5,TBStack-LR,PCA,84.69,84.09,85.57,84.82,84.69,84.69,0.11,0.92,0.72,TreeStacking,Inline Variable
6,TBStack-LR,PCA,86.3,84.74,88.55,86.61,86.3,86.3,0.1,0.93,0.72,TreeStacking,Inline Variable
7,TBStack-LR,PCA,86.06,84.51,88.31,86.37,86.06,86.05,0.1,0.93,0.72,TreeStacking,Inline Variable
8,TBStack-LR,PCA,86.65,84.55,89.7,87.05,86.65,86.64,0.1,0.93,0.72,TreeStacking,Inline Variable
9,TBStack-LR,PCA,86.43,84.38,89.41,86.82,86.43,86.41,0.1,0.93,0.72,TreeStacking,Inline Variable
10,TBStack-DT,PCA,78.13,79.1,76.45,77.75,78.13,78.13,0.22,0.78,0.58,TreeStacking,Inline Variable
11,TBStack-DT,PCA,79.32,79.83,78.45,79.13,79.32,79.32,0.21,0.79,0.58,TreeStacking,Inline Variable
12,TBStack-DT,PCA,78.4,79.45,76.62,78.01,78.4,78.39,0.22,0.78,0.58,TreeStacking,Inline Variable
13,TBStack-DT,PCA,80.54,80.5,80.63,80.56,80.54,80.54,0.19,0.81,0.58,TreeStacking,Inline Variable
14,TBStack-DT,PCA,77.86,79.72,74.73,77.15,77.86,77.84,0.22,0.78,0.58,TreeStacking,Inline Variable
15,TBStack-DT,PCA,78.11,79.17,76.29,77.7,78.11,78.1,0.22,0.78,0.58,TreeStacking,Inline Variable
16,TBStack-DT,PCA,79.46,80.18,78.25,79.21,79.46,79.45,0.21,0.79,0.58,TreeStacking,Inline Variable
17,TBStack-DT,PCA,79.37,80.35,77.76,79.04,79.37,79.37,0.21,0.79,0.58,TreeStacking,Inline Variable
18,TBStack-DT,PCA,79.84,79.99,79.6,79.8,79.84,79.84,0.2,0.8,0.58,TreeStacking,Inline Variable
19,TBStack-DT,PCA,78.84,79.26,78.13,78.69,78.84,78.84,0.21,0.79,0.58,TreeStacking,Inline Variable
0,Stack-LR,PCA,81.38,80.05,83.59,81.78,81.38,81.37,0.13,0.89,0.65,Stacking,Parameterize Variable
1,Stack-LR,PCA,82.82,81.56,84.82,83.15,82.82,82.81,0.12,0.91,0.65,Stacking,Parameterize Variable
2,Stack-LR,PCA,80.71,80.65,80.82,80.73,80.71,80.71,0.14,0.89,0.65,Stacking,Parameterize Variable
3,Stack-LR,PCA,82.79,81.65,84.6,83.1,82.79,82.79,0.12,0.91,0.65,Stacking,Parameterize Variable
4,Stack-LR,PCA,81.78,81.68,81.94,81.81,81.78,81.78,0.13,0.9,0.65,Stacking,Parameterize Variable
5,Stack-LR,PCA,80.1,80.87,78.85,79.85,80.1,80.1,0.14,0.88,0.65,Stacking,Parameterize Variable
6,Stack-LR,PCA,83.19,81.31,86.2,83.68,83.19,83.18,0.12,0.91,0.65,Stacking,Parameterize Variable
7,Stack-LR,PCA,82.66,82.96,82.21,82.58,82.66,82.66,0.13,0.9,0.65,Stacking,Parameterize Variable
8,Stack-LR,PCA,83.7,82.22,85.99,84.06,83.7,83.69,0.12,0.91,0.65,Stacking,Parameterize Variable
9,Stack-LR,PCA,84.52,83.09,86.68,84.85,84.52,84.52,0.12,0.91,0.65,Stacking,Parameterize Variable
10,Stack-DT,PCA,74.61,75.55,72.78,74.14,74.61,74.61,0.25,0.75,0.49,Stacking,Parameterize Variable
11,Stack-DT,PCA,76.72,77.57,75.17,76.35,76.72,76.71,0.23,0.77,0.49,Stacking,Parameterize Variable
12,Stack-DT,PCA,72.46,74.63,68.03,71.18,72.46,72.4,0.28,0.72,0.49,Stacking,Parameterize Variable
13,Stack-DT,PCA,73.95,75.24,71.39,73.26,73.95,73.93,0.26,0.74,0.49,Stacking,Parameterize Variable
14,Stack-DT,PCA,73.47,74.46,71.44,72.92,73.47,73.46,0.27,0.73,0.49,Stacking,Parameterize Variable
15,Stack-DT,PCA,73.18,74.33,70.8,72.52,73.18,73.16,0.27,0.73,0.49,Stacking,Parameterize Variable
16,Stack-DT,PCA,76.11,75.49,77.3,76.39,76.11,76.1,0.24,0.76,0.49,Stacking,Parameterize Variable
17,Stack-DT,PCA,73.36,75.16,69.79,72.38,73.36,73.33,0.27,0.73,0.49,Stacking,Parameterize Variable
18,Stack-DT,PCA,75.89,76.38,74.96,75.67,75.89,75.89,0.24,0.76,0.49,Stacking,Parameterize Variable
19,Stack-DT,PCA,75.89,76.38,74.96,75.67,75.89,75.89,0.24,0.76,0.49,Stacking,Parameterize Variable
0,TBStack-LR,PCA,83.7,83.34,84.23,83.78,83.7,83.7,0.11,0.92,0.7,TreeStacking,Parameterize Variable
1,TBStack-LR,PCA,85.22,84.21,86.68,85.43,85.22,85.21,0.11,0.92,0.7,TreeStacking,Parameterize Variable
2,TBStack-LR,PCA,83.14,83.16,83.11,83.13,83.14,83.14,0.12,0.91,0.7,TreeStacking,Parameterize Variable
3,TBStack-LR,PCA,85.59,84.05,87.85,85.91,85.59,85.58,0.1,0.93,0.7,TreeStacking,Parameterize Variable
4,TBStack-LR,PCA,85.35,84.5,86.57,85.53,85.35,85.35,0.11,0.92,0.7,TreeStacking,Parameterize Variable
5,TBStack-LR,PCA,82.31,83.53,80.5,81.99,82.31,82.31,0.12,0.91,0.7,TreeStacking,Parameterize Variable
6,TBStack-LR,PCA,85.75,84.06,88.23,86.09,85.75,85.74,0.1,0.93,0.7,TreeStacking,Parameterize Variable
7,TBStack-LR,PCA,84.28,83.6,85.3,84.44,84.28,84.28,0.11,0.92,0.7,TreeStacking,Parameterize Variable
8,TBStack-LR,PCA,86.73,86.04,87.69,86.86,86.73,86.73,0.09,0.94,0.7,TreeStacking,Parameterize Variable
9,TBStack-LR,PCA,86.63,84.29,90.04,87.07,86.63,86.61,0.1,0.93,0.7,TreeStacking,Parameterize Variable
10,TBStack-DT,PCA,77.57,78.89,75.28,77.04,77.57,77.56,0.22,0.78,0.56,TreeStacking,Parameterize Variable
11,TBStack-DT,PCA,79.28,79.65,78.64,79.14,79.28,79.27,0.21,0.79,0.56,TreeStacking,Parameterize Variable
12,TBStack-DT,PCA,77.2,77.67,76.35,77,77.2,77.2,0.23,0.77,0.56,TreeStacking,Parameterize Variable
13,TBStack-DT,PCA,78.08,78.12,78,78.06,78.08,78.08,0.22,0.78,0.56,TreeStacking,Parameterize Variable
14,TBStack-DT,PCA,78.4,78.53,78.16,78.34,78.4,78.4,0.22,0.78,0.56,TreeStacking,Parameterize Variable
15,TBStack-DT,PCA,76.16,78.45,72.14,75.16,76.16,76.12,0.24,0.76,0.56,TreeStacking,Parameterize Variable
16,TBStack-DT,PCA,78.77,79.41,77.68,78.53,78.77,78.77,0.21,0.79,0.56,TreeStacking,Parameterize Variable
17,TBStack-DT,PCA,77.68,78.97,75.44,77.17,77.68,77.67,0.22,0.78,0.56,TreeStacking,Parameterize Variable
18,TBStack-DT,PCA,78.48,79.78,76.29,78,78.48,78.47,0.22,0.78,0.56,TreeStacking,Parameterize Variable
19,TBStack-DT,PCA,79.46,79.45,79.49,79.47,79.46,79.46,0.21,0.79,0.56,TreeStacking,Parameterize Variable
0,Stack-LR,PCA,93.17,94.4,91.78,93.07,93.17,93.17,0.05,0.97,0.87,Stacking,Rename Parameter
1,Stack-LR,PCA,93.21,93.96,92.36,93.15,93.21,93.21,0.05,0.97,0.87,Stacking,Rename Parameter
2,Stack-LR,PCA,93.56,94.49,92.52,93.49,93.56,93.56,0.05,0.97,0.87,Stacking,Rename Parameter
3,Stack-LR,PCA,93.81,94.09,93.5,93.79,93.81,93.81,0.05,0.98,0.87,Stacking,Rename Parameter
4,Stack-LR,PCA,93.07,94.26,91.72,92.97,93.07,93.07,0.05,0.97,0.87,Stacking,Rename Parameter
5,Stack-LR,PCA,93.26,94.37,92,93.17,93.26,93.26,0.05,0.97,0.87,Stacking,Rename Parameter
6,Stack-LR,PCA,93.16,93.51,92.75,93.13,93.16,93.16,0.05,0.97,0.87,Stacking,Rename Parameter
7,Stack-LR,PCA,93.26,93.8,92.66,93.22,93.26,93.26,0.05,0.98,0.87,Stacking,Rename Parameter
8,Stack-LR,PCA,93.17,94.53,91.64,93.06,93.17,93.16,0.05,0.97,0.87,Stacking,Rename Parameter
9,Stack-LR,PCA,93.64,93.97,93.26,93.62,93.64,93.64,0.05,0.98,0.87,Stacking,Rename Parameter
10,Stack-DT,PCA,89.72,89.69,89.76,89.73,89.72,89.72,0.1,0.9,0.79,Stacking,Rename Parameter
11,Stack-DT,PCA,89.09,88.61,89.72,89.16,89.09,89.09,0.11,0.89,0.79,Stacking,Rename Parameter
12,Stack-DT,PCA,89.99,89.67,90.39,90.03,89.99,89.99,0.1,0.9,0.79,Stacking,Rename Parameter
13,Stack-DT,PCA,89.55,89.36,89.8,89.58,89.55,89.55,0.1,0.9,0.79,Stacking,Rename Parameter
14,Stack-DT,PCA,89.57,89.89,89.17,89.53,89.57,89.57,0.1,0.9,0.79,Stacking,Rename Parameter
15,Stack-DT,PCA,89.55,89.98,89,89.49,89.55,89.55,0.1,0.9,0.79,Stacking,Rename Parameter
16,Stack-DT,PCA,89.32,89.8,88.71,89.25,89.32,89.32,0.11,0.89,0.79,Stacking,Rename Parameter
17,Stack-DT,PCA,89.51,89.91,89.02,89.46,89.51,89.51,0.1,0.9,0.79,Stacking,Rename Parameter
18,Stack-DT,PCA,89.38,89.72,88.96,89.34,89.38,89.38,0.11,0.89,0.79,Stacking,Rename Parameter
19,Stack-DT,PCA,89.92,89.58,90.35,89.97,89.92,89.92,0.1,0.9,0.79,Stacking,Rename Parameter
0,TBStack-LR,PCA,97.67,97.19,98.19,97.69,97.67,97.67,0.02,0.99,0.96,TreeStacking,Rename Parameter
1,TBStack-LR,PCA,97.88,97.29,98.51,97.89,97.88,97.88,0.02,0.99,0.96,TreeStacking,Rename Parameter
2,TBStack-LR,PCA,97.77,97.25,98.33,97.79,97.77,97.77,0.02,0.99,0.96,TreeStacking,Rename Parameter
3,TBStack-LR,PCA,98.06,97.31,98.85,98.07,98.06,98.06,0.02,0.99,0.96,TreeStacking,Rename Parameter
4,TBStack-LR,PCA,97.86,97.36,98.38,97.87,97.86,97.86,0.02,0.99,0.96,TreeStacking,Rename Parameter
5,TBStack-LR,PCA,97.67,97.25,98.12,97.68,97.67,97.67,0.02,0.99,0.96,TreeStacking,Rename Parameter
6,TBStack-LR,PCA,97.92,97.46,98.42,97.93,97.92,97.92,0.02,0.99,0.96,TreeStacking,Rename Parameter
7,TBStack-LR,PCA,97.99,97.32,98.69,98,97.99,97.99,0.02,0.99,0.96,TreeStacking,Rename Parameter
8,TBStack-LR,PCA,97.84,97.32,98.4,97.85,97.84,97.84,0.02,0.99,0.96,TreeStacking,Rename Parameter
9,TBStack-LR,PCA,98.02,97.18,98.91,98.04,98.02,98.02,0.02,0.99,0.96,TreeStacking,Rename Parameter
10,TBStack-DT,PCA,96,96.41,95.55,95.98,96,96,0.04,0.96,0.92,TreeStacking,Rename Parameter
11,TBStack-DT,PCA,96.14,96.58,95.67,96.12,96.14,96.14,0.04,0.96,0.92,TreeStacking,Rename Parameter
12,TBStack-DT,PCA,96.17,96.51,95.8,96.15,96.17,96.17,0.04,0.96,0.92,TreeStacking,Rename Parameter
13,TBStack-DT,PCA,96.27,96.58,95.93,96.25,96.27,96.27,0.04,0.96,0.92,TreeStacking,Rename Parameter
14,TBStack-DT,PCA,96.25,96.65,95.83,96.23,96.25,96.25,0.04,0.96,0.92,TreeStacking,Rename Parameter
15,TBStack-DT,PCA,96,96.47,95.49,95.98,96,96,0.04,0.96,0.92,TreeStacking,Rename Parameter
16,TBStack-DT,PCA,96.11,96.62,95.57,96.09,96.11,96.11,0.04,0.96,0.92,TreeStacking,Rename Parameter
17,TBStack-DT,PCA,96.15,96.55,95.73,96.14,96.15,96.15,0.04,0.96,0.92,TreeStacking,Rename Parameter
18,TBStack-DT,PCA,96.25,96.73,95.74,96.23,96.25,96.25,0.04,0.96,0.92,TreeStacking,Rename Parameter
19,TBStack-DT,PCA,96.45,96.5,96.41,96.45,96.45,96.45,0.04,0.96,0.92,TreeStacking,Rename Parameter
0,Stack-LR,PCA,91.76,93.65,89.59,91.57,91.76,91.75,0.06,0.97,0.83,Stacking,Rename Variable
1,Stack-LR,PCA,91.77,92.53,90.86,91.69,91.77,91.77,0.06,0.97,0.83,Stacking,Rename Variable
2,Stack-LR,PCA,90.92,92.88,88.63,90.71,90.92,90.92,0.07,0.96,0.83,Stacking,Rename Variable
3,Stack-LR,PCA,92.05,93.25,90.66,91.93,92.05,92.04,0.06,0.97,0.83,Stacking,Rename Variable
4,Stack-LR,PCA,92.1,93.3,90.72,91.99,92.1,92.1,0.06,0.97,0.83,Stacking,Rename Variable
5,Stack-LR,PCA,91.13,93.03,88.92,90.93,91.13,91.12,0.07,0.96,0.83,Stacking,Rename Variable
6,Stack-LR,PCA,91.62,93.05,89.96,91.48,91.62,91.62,0.07,0.97,0.83,Stacking,Rename Variable
7,Stack-LR,PCA,91.44,93.1,89.52,91.28,91.44,91.44,0.07,0.97,0.83,Stacking,Rename Variable
8,Stack-LR,PCA,91.29,92.5,89.86,91.16,91.29,91.28,0.07,0.97,0.83,Stacking,Rename Variable
9,Stack-LR,PCA,91.95,93.77,89.87,91.78,91.95,91.95,0.06,0.97,0.83,Stacking,Rename Variable
10,Stack-DT,PCA,87.39,87.48,87.27,87.38,87.39,87.39,0.13,0.87,0.75,Stacking,Rename Variable
11,Stack-DT,PCA,87.89,87.15,88.9,88.01,87.89,87.89,0.12,0.88,0.75,Stacking,Rename Variable
12,Stack-DT,PCA,86.61,87.04,86.02,86.53,86.61,86.61,0.13,0.87,0.75,Stacking,Rename Variable
13,Stack-DT,PCA,87.44,87.48,87.4,87.44,87.44,87.44,0.13,0.87,0.75,Stacking,Rename Variable
14,Stack-DT,PCA,87.85,87.65,88.1,87.88,87.85,87.85,0.12,0.88,0.75,Stacking,Rename Variable
15,Stack-DT,PCA,86.66,87.79,85.15,86.45,86.66,86.65,0.13,0.87,0.75,Stacking,Rename Variable
16,Stack-DT,PCA,87.3,87.75,86.71,87.23,87.3,87.3,0.13,0.87,0.75,Stacking,Rename Variable
17,Stack-DT,PCA,87.04,87.58,86.32,86.95,87.04,87.04,0.13,0.87,0.75,Stacking,Rename Variable
18,Stack-DT,PCA,87.66,87.74,87.55,87.65,87.66,87.66,0.12,0.88,0.75,Stacking,Rename Variable
19,Stack-DT,PCA,87.85,87.32,88.56,87.93,87.85,87.85,0.12,0.88,0.75,Stacking,Rename Variable
0,TBStack-LR,PCA,97.08,96.62,97.57,97.09,97.08,97.08,0.02,0.99,0.94,TreeStacking,Rename Variable
1,TBStack-LR,PCA,97,96.22,97.84,97.02,97,97,0.02,0.99,0.94,TreeStacking,Rename Variable
2,TBStack-LR,PCA,96.41,96.31,96.52,96.42,96.41,96.41,0.03,0.99,0.94,TreeStacking,Rename Variable
3,TBStack-LR,PCA,97.15,96.52,97.83,97.17,97.15,97.15,0.02,0.99,0.94,TreeStacking,Rename Variable
4,TBStack-LR,PCA,97.2,96.22,98.27,97.23,97.2,97.2,0.02,0.99,0.94,TreeStacking,Rename Variable
5,TBStack-LR,PCA,96.33,96.05,96.64,96.34,96.33,96.33,0.03,0.99,0.94,TreeStacking,Rename Variable
6,TBStack-LR,PCA,96.94,96.54,97.38,96.96,96.94,96.94,0.02,0.99,0.94,TreeStacking,Rename Variable
7,TBStack-LR,PCA,96.98,96.08,97.96,97.01,96.98,96.98,0.02,0.99,0.94,TreeStacking,Rename Variable
8,TBStack-LR,PCA,96.91,96.16,97.72,96.94,96.91,96.91,0.02,0.99,0.94,TreeStacking,Rename Variable
9,TBStack-LR,PCA,97.07,96.29,97.91,97.09,97.07,97.07,0.02,0.99,0.94,TreeStacking,Rename Variable
10,TBStack-DT,PCA,94.74,95.51,93.89,94.69,94.74,94.74,0.05,0.95,0.89,TreeStacking,Rename Variable
11,TBStack-DT,PCA,94.68,95.01,94.31,94.66,94.68,94.68,0.05,0.95,0.89,TreeStacking,Rename Variable
12,TBStack-DT,PCA,94.03,95.15,92.8,93.96,94.03,94.03,0.06,0.94,0.89,TreeStacking,Rename Variable
13,TBStack-DT,PCA,94.52,95.41,93.55,94.47,94.52,94.52,0.05,0.95,0.89,TreeStacking,Rename Variable
14,TBStack-DT,PCA,94.75,94.98,94.48,94.73,94.75,94.75,0.05,0.95,0.89,TreeStacking,Rename Variable
15,TBStack-DT,PCA,94.03,94.8,93.17,93.98,94.03,94.03,0.06,0.94,0.89,TreeStacking,Rename Variable
16,TBStack-DT,PCA,94.59,95.32,93.78,94.55,94.59,94.59,0.05,0.95,0.89,TreeStacking,Rename Variable
17,TBStack-DT,PCA,94.63,94.99,94.24,94.61,94.63,94.63,0.05,0.95,0.89,TreeStacking,Rename Variable
18,TBStack-DT,PCA,94.45,94.91,93.93,94.42,94.45,94.45,0.06,0.94,0.89,TreeStacking,Rename Variable
19,TBStack-DT,PCA,94.82,95.06,94.54,94.8,94.82,94.82,0.05,0.95,0.89,TreeStacking,Rename Variable
0,Stack-LR,PCA,84.59,82.66,87.55,85.03,84.59,84.58,0.11,0.92,0.7,Stacking,Replace Variable With Attribute
1,Stack-LR,PCA,85.31,85.33,85.29,85.31,85.31,85.31,0.11,0.93,0.7,Stacking,Replace Variable With Attribute
2,Stack-LR,PCA,84.59,83.64,86.01,84.81,84.59,84.59,0.11,0.92,0.7,Stacking,Replace Variable With Attribute
3,Stack-LR,PCA,83.94,84.34,83.37,83.85,83.94,83.94,0.12,0.92,0.7,Stacking,Replace Variable With Attribute
4,Stack-LR,PCA,84.52,83.61,85.87,84.72,84.52,84.52,0.11,0.92,0.7,Stacking,Replace Variable With Attribute
5,Stack-LR,PCA,85.34,84.57,86.44,85.5,85.34,85.33,0.11,0.92,0.7,Stacking,Replace Variable With Attribute
6,Stack-LR,PCA,84.66,85.14,83.99,84.56,84.66,84.66,0.11,0.92,0.7,Stacking,Replace Variable With Attribute
7,Stack-LR,PCA,84.09,83.16,85.48,84.31,84.09,84.08,0.12,0.91,0.7,Stacking,Replace Variable With Attribute
8,Stack-LR,PCA,86.01,84.01,88.94,86.41,86.01,86,0.1,0.93,0.7,Stacking,Replace Variable With Attribute
9,Stack-LR,PCA,84.35,82.94,86.49,84.68,84.35,84.34,0.11,0.92,0.7,Stacking,Replace Variable With Attribute
10,Stack-DT,PCA,75.41,77.51,71.59,74.43,75.41,75.37,0.25,0.75,0.55,Stacking,Replace Variable With Attribute
11,Stack-DT,PCA,77.98,78.75,76.63,77.68,77.98,77.98,0.22,0.78,0.55,Stacking,Replace Variable With Attribute
12,Stack-DT,PCA,77.36,78.28,75.72,76.98,77.36,77.35,0.23,0.77,0.55,Stacking,Replace Variable With Attribute
13,Stack-DT,PCA,77.69,77.88,77.36,77.62,77.69,77.69,0.22,0.78,0.55,Stacking,Replace Variable With Attribute
14,Stack-DT,PCA,77.72,78.16,76.92,77.54,77.72,77.71,0.22,0.78,0.55,Stacking,Replace Variable With Attribute
15,Stack-DT,PCA,78.05,79.22,76.06,77.61,78.05,78.04,0.22,0.78,0.55,Stacking,Replace Variable With Attribute
16,Stack-DT,PCA,77.36,77.78,76.59,77.18,77.36,77.35,0.23,0.77,0.55,Stacking,Replace Variable With Attribute
17,Stack-DT,PCA,77.64,78.05,76.92,77.48,77.64,77.64,0.22,0.78,0.55,Stacking,Replace Variable With Attribute
18,Stack-DT,PCA,78.87,78.5,79.52,79.01,78.87,78.87,0.21,0.79,0.55,Stacking,Replace Variable With Attribute
19,Stack-DT,PCA,78.1,77.9,78.46,78.18,78.1,78.1,0.22,0.78,0.55,Stacking,Replace Variable With Attribute
0,TBStack-LR,PCA,86.51,86.15,87.02,86.58,86.51,86.51,0.1,0.94,0.73,TreeStacking,Replace Variable With Attribute
1,TBStack-LR,PCA,87.93,87.68,88.27,87.97,87.93,87.93,0.09,0.94,0.73,TreeStacking,Replace Variable With Attribute
2,TBStack-LR,PCA,86.47,86.27,86.73,86.5,86.47,86.47,0.1,0.94,0.73,TreeStacking,Replace Variable With Attribute
3,TBStack-LR,PCA,86.03,85.24,87.16,86.19,86.03,86.03,0.1,0.93,0.73,TreeStacking,Replace Variable With Attribute
4,TBStack-LR,PCA,86.63,86.53,86.78,86.65,86.63,86.63,0.1,0.94,0.73,TreeStacking,Replace Variable With Attribute
5,TBStack-LR,PCA,87.16,85.95,88.85,87.38,87.16,87.16,0.09,0.94,0.73,TreeStacking,Replace Variable With Attribute
6,TBStack-LR,PCA,86.25,85.94,86.68,86.31,86.25,86.25,0.1,0.93,0.73,TreeStacking,Replace Variable With Attribute
7,TBStack-LR,PCA,85.91,85.44,86.59,86.01,85.91,85.91,0.1,0.93,0.73,TreeStacking,Replace Variable With Attribute
8,TBStack-LR,PCA,87.64,85.69,90.38,87.97,87.64,87.63,0.09,0.95,0.73,TreeStacking,Replace Variable With Attribute
9,TBStack-LR,PCA,86.78,85.38,88.75,87.03,86.78,86.77,0.1,0.94,0.73,TreeStacking,Replace Variable With Attribute
10,TBStack-DT,PCA,80.5,81.55,78.85,80.18,80.5,80.5,0.19,0.81,0.61,TreeStacking,Replace Variable With Attribute
11,TBStack-DT,PCA,82.04,82.75,80.96,81.85,82.04,82.04,0.18,0.82,0.61,TreeStacking,Replace Variable With Attribute
12,TBStack-DT,PCA,80.99,82.18,79.13,80.63,80.99,80.98,0.19,0.81,0.61,TreeStacking,Replace Variable With Attribute
13,TBStack-DT,PCA,79.57,80.27,78.41,79.33,79.57,79.56,0.2,0.8,0.61,TreeStacking,Replace Variable With Attribute
14,TBStack-DT,PCA,80.41,81.14,79.23,80.18,80.41,80.41,0.2,0.8,0.61,TreeStacking,Replace Variable With Attribute
15,TBStack-DT,PCA,80.31,81.04,79.13,80.08,80.31,80.31,0.2,0.8,0.61,TreeStacking,Replace Variable With Attribute
16,TBStack-DT,PCA,80.05,80.7,78.99,79.83,80.05,80.05,0.2,0.8,0.61,TreeStacking,Replace Variable With Attribute
17,TBStack-DT,PCA,80.36,81.28,78.89,80.07,80.36,80.36,0.2,0.8,0.61,TreeStacking,Replace Variable With Attribute
18,TBStack-DT,PCA,81.15,80.62,82.02,81.32,81.15,81.15,0.19,0.81,0.61,TreeStacking,Replace Variable With Attribute
19,TBStack-DT,PCA,80.02,80.27,79.62,79.94,80.02,80.02,0.2,0.8,0.61,TreeStacking,Replace Variable With Attribute
0,Stack-LR,NoFS,81.62,79.94,84.42,82.12,81.62,81.61,0.13,0.9,0.66,Stacking,Extract Variable
1,Stack-LR,NoFS,84.42,83.38,85.98,84.66,84.42,84.42,0.11,0.91,0.66,Stacking,Extract Variable
2,Stack-LR,NoFS,81.93,81.16,83.18,82.15,81.93,81.93,0.13,0.9,0.66,Stacking,Extract Variable
3,Stack-LR,NoFS,82.71,80.35,86.6,83.36,82.71,82.68,0.13,0.89,0.66,Stacking,Extract Variable
4,Stack-LR,NoFS,79.25,78.42,80.62,79.51,79.25,79.25,0.15,0.86,0.66,Stacking,Extract Variable
5,Stack-LR,NoFS,80.97,80.37,81.88,81.11,80.97,80.97,0.14,0.89,0.66,Stacking,Extract Variable
6,Stack-LR,NoFS,83.46,83.23,83.75,83.49,83.46,83.46,0.12,0.91,0.66,Stacking,Extract Variable
7,Stack-LR,NoFS,82.53,85.42,78.5,81.82,82.53,82.5,0.12,0.91,0.66,Stacking,Extract Variable
8,Stack-LR,NoFS,84.71,82.13,88.79,85.33,84.71,84.69,0.12,0.92,0.66,Stacking,Extract Variable
9,Stack-LR,NoFS,86.58,84.66,89.41,86.97,86.58,86.57,0.1,0.93,0.66,Stacking,Extract Variable
10,Stack-DT,NoFS,74.92,74.69,75.39,75.04,74.92,74.92,0.25,0.75,0.51,Stacking,Extract Variable
11,Stack-DT,NoFS,77.26,76.28,79.13,77.68,77.26,77.25,0.23,0.77,0.51,Stacking,Extract Variable
12,Stack-DT,NoFS,75.08,75.72,73.83,74.76,75.08,75.07,0.25,0.75,0.51,Stacking,Extract Variable
13,Stack-DT,NoFS,76.32,77,75.08,76.03,76.32,76.32,0.24,0.76,0.51,Stacking,Extract Variable
14,Stack-DT,NoFS,73.32,74.11,71.56,72.81,73.32,73.31,0.27,0.73,0.51,Stacking,Extract Variable
15,Stack-DT,NoFS,72.07,72.38,71.25,71.81,72.07,72.07,0.28,0.72,0.51,Stacking,Extract Variable
16,Stack-DT,NoFS,74.73,75.65,72.81,74.2,74.73,74.72,0.25,0.75,0.51,Stacking,Extract Variable
17,Stack-DT,NoFS,75.82,75,77.57,76.26,75.82,75.81,0.24,0.76,0.51,Stacking,Extract Variable
18,Stack-DT,NoFS,75.04,74.62,76.01,75.31,75.04,75.04,0.25,0.75,0.51,Stacking,Extract Variable
19,Stack-DT,NoFS,80.03,79.33,81.31,80.31,80.03,80.03,0.2,0.8,0.51,Stacking,Extract Variable
0,TBStack-LR,NoFS,82.09,79.94,85.67,82.71,82.09,82.06,0.12,0.91,0.68,TreeStacking,Extract Variable
1,TBStack-LR,NoFS,86.92,83.95,91.28,87.46,86.92,86.89,0.1,0.92,0.68,TreeStacking,Extract Variable
2,TBStack-LR,NoFS,84.58,83.64,85.98,84.79,84.58,84.58,0.11,0.93,0.68,TreeStacking,Extract Variable
3,TBStack-LR,NoFS,83.96,82.44,86.29,84.32,83.96,83.95,0.11,0.92,0.68,TreeStacking,Extract Variable
4,TBStack-LR,NoFS,79.88,80.51,78.75,79.62,79.88,79.87,0.14,0.89,0.68,TreeStacking,Extract Variable
5,TBStack-LR,NoFS,81.59,80.98,82.5,81.73,81.59,81.59,0.13,0.9,0.68,TreeStacking,Extract Variable
6,TBStack-LR,NoFS,85.02,85.44,84.38,84.91,85.02,85.02,0.11,0.93,0.68,TreeStacking,Extract Variable
7,TBStack-LR,NoFS,84.09,84.54,83.49,84.01,84.09,84.09,0.11,0.93,0.68,TreeStacking,Extract Variable
8,TBStack-LR,NoFS,84.87,83.53,86.92,85.19,84.87,84.86,0.11,0.93,0.68,TreeStacking,Extract Variable
9,TBStack-LR,NoFS,87.68,86.01,90.03,87.98,87.68,87.67,0.09,0.95,0.68,TreeStacking,Extract Variable
10,TBStack-DT,NoFS,75.86,75,77.57,76.26,75.86,75.85,0.24,0.76,0.54,TreeStacking,Extract Variable
11,TBStack-DT,NoFS,76.01,77.02,74.14,75.56,76.01,76,0.24,0.76,0.54,TreeStacking,Extract Variable
12,TBStack-DT,NoFS,76.79,76.88,76.64,76.76,76.79,76.79,0.23,0.77,0.54,TreeStacking,Extract Variable
13,TBStack-DT,NoFS,77.73,78.34,76.64,77.48,77.73,77.72,0.22,0.78,0.54,TreeStacking,Extract Variable
14,TBStack-DT,NoFS,71.92,72.58,70.31,71.43,71.92,71.91,0.28,0.72,0.54,TreeStacking,Extract Variable
15,TBStack-DT,NoFS,76.91,76.54,77.5,77.02,76.91,76.91,0.23,0.77,0.54,TreeStacking,Extract Variable
16,TBStack-DT,NoFS,78,78.06,77.81,77.93,78,78,0.22,0.78,0.54,TreeStacking,Extract Variable
17,TBStack-DT,NoFS,78,80.2,74.45,77.22,78,77.98,0.22,0.78,0.54,TreeStacking,Extract Variable
18,TBStack-DT,NoFS,80.5,79.52,82.24,80.86,80.5,80.49,0.2,0.8,0.54,TreeStacking,Extract Variable
19,TBStack-DT,NoFS,79.72,79.94,79.44,79.69,79.72,79.72,0.2,0.8,0.54,TreeStacking,Extract Variable
0,Stack-LR,NoFS,85.55,84.52,87.04,85.76,85.55,85.55,0.1,0.93,0.73,Stacking,Inline Variable
1,Stack-LR,NoFS,87,87.4,86.47,86.93,87,87,0.1,0.94,0.73,Stacking,Inline Variable
2,Stack-LR,NoFS,85.63,85.91,85.25,85.58,85.63,85.63,0.1,0.93,0.73,Stacking,Inline Variable
3,Stack-LR,NoFS,87.39,85.06,90.72,87.8,87.39,87.38,0.09,0.94,0.73,Stacking,Inline Variable
4,Stack-LR,NoFS,87.04,86.21,88.18,87.19,87.04,87.04,0.09,0.94,0.73,Stacking,Inline Variable
5,Stack-LR,NoFS,86.24,87.36,84.75,86.03,86.24,86.24,0.1,0.93,0.73,Stacking,Inline Variable
6,Stack-LR,NoFS,85.9,85.43,86.55,85.99,85.9,85.89,0.1,0.93,0.73,Stacking,Inline Variable
7,Stack-LR,NoFS,85.98,86.15,85.73,85.94,85.98,85.98,0.1,0.93,0.73,Stacking,Inline Variable
8,Stack-LR,NoFS,86.82,84.94,89.49,87.16,86.82,86.81,0.1,0.94,0.73,Stacking,Inline Variable
9,Stack-LR,NoFS,87.57,85.98,89.78,87.84,87.57,87.57,0.09,0.94,0.73,Stacking,Inline Variable
10,Stack-DT,NoFS,80.4,81.2,79.11,80.14,80.4,80.4,0.2,0.8,0.62,Stacking,Inline Variable
11,Stack-DT,NoFS,80.99,82.96,78,80.4,80.99,80.98,0.19,0.81,0.62,Stacking,Inline Variable
12,Stack-DT,NoFS,80.83,81.58,79.65,80.6,80.83,80.83,0.19,0.81,0.62,Stacking,Inline Variable
13,Stack-DT,NoFS,80.24,80.94,79.12,80.02,80.24,80.23,0.2,0.8,0.62,Stacking,Inline Variable
14,Stack-DT,NoFS,80.74,80.72,80.78,80.75,80.74,80.74,0.19,0.81,0.62,Stacking,Inline Variable
15,Stack-DT,NoFS,80.36,81.03,79.27,80.14,80.36,80.35,0.2,0.8,0.62,Stacking,Inline Variable
16,Stack-DT,NoFS,80.62,81.16,79.76,80.45,80.62,80.62,0.19,0.81,0.62,Stacking,Inline Variable
17,Stack-DT,NoFS,80.4,80.74,79.84,80.29,80.4,80.4,0.2,0.8,0.62,Stacking,Inline Variable
18,Stack-DT,NoFS,81.58,81.47,81.77,81.62,81.58,81.58,0.18,0.82,0.62,Stacking,Inline Variable
19,Stack-DT,NoFS,81.95,81.17,83.2,82.17,81.95,81.95,0.18,0.82,0.62,Stacking,Inline Variable
0,TBStack-LR,NoFS,93.44,93,93.95,93.47,93.44,93.44,0.05,0.97,0.87,TreeStacking,Inline Variable
1,TBStack-LR,NoFS,93.73,93.11,94.44,93.77,93.73,93.73,0.05,0.97,0.87,TreeStacking,Inline Variable
2,TBStack-LR,NoFS,93.3,91.99,94.85,93.4,93.3,93.29,0.05,0.97,0.87,TreeStacking,Inline Variable
3,TBStack-LR,NoFS,94.36,92.72,96.28,94.47,94.36,94.36,0.05,0.98,0.87,TreeStacking,Inline Variable
4,TBStack-LR,NoFS,93.79,92.81,94.93,93.86,93.79,93.78,0.05,0.98,0.87,TreeStacking,Inline Variable
5,TBStack-LR,NoFS,92.76,92.35,93.25,92.8,92.76,92.76,0.06,0.97,0.87,TreeStacking,Inline Variable
6,TBStack-LR,NoFS,93.3,91.99,94.85,93.4,93.3,93.29,0.05,0.97,0.87,TreeStacking,Inline Variable
7,TBStack-LR,NoFS,92.89,91.76,94.24,92.98,92.89,92.89,0.05,0.97,0.87,TreeStacking,Inline Variable
8,TBStack-LR,NoFS,93.25,92.08,94.64,93.35,93.25,93.25,0.05,0.98,0.87,TreeStacking,Inline Variable
9,TBStack-LR,NoFS,93.74,92.43,95.3,93.84,93.74,93.74,0.05,0.98,0.87,TreeStacking,Inline Variable
10,TBStack-DT,NoFS,89.62,90.75,88.23,89.47,89.62,89.62,0.1,0.9,0.79,TreeStacking,Inline Variable
11,TBStack-DT,NoFS,90.17,91.44,88.63,90.01,90.17,90.17,0.1,0.9,0.79,TreeStacking,Inline Variable
12,TBStack-DT,NoFS,90.03,90.76,89.13,89.94,90.03,90.03,0.1,0.9,0.79,TreeStacking,Inline Variable
13,TBStack-DT,NoFS,89.7,89.64,89.78,89.71,89.7,89.7,0.1,0.9,0.79,TreeStacking,Inline Variable
14,TBStack-DT,NoFS,89.55,90.23,88.72,89.47,89.55,89.55,0.1,0.9,0.79,TreeStacking,Inline Variable
15,TBStack-DT,NoFS,89.64,90.79,88.23,89.49,89.64,89.63,0.1,0.9,0.79,TreeStacking,Inline Variable
16,TBStack-DT,NoFS,89.51,89.92,89,89.46,89.51,89.51,0.1,0.9,0.79,TreeStacking,Inline Variable
17,TBStack-DT,NoFS,89.49,89.4,89.62,89.51,89.49,89.49,0.11,0.89,0.79,TreeStacking,Inline Variable
18,TBStack-DT,NoFS,89.39,90.3,88.27,89.27,89.39,89.39,0.11,0.89,0.79,TreeStacking,Inline Variable
19,TBStack-DT,NoFS,89.51,89.89,89.04,89.46,89.51,89.51,0.1,0.9,0.79,TreeStacking,Inline Variable
0,Stack-LR,NoFS,85.32,87.84,81.99,84.82,85.32,85.31,0.11,0.93,0.71,Stacking,Parameterize Variable
1,Stack-LR,NoFS,86.33,84.2,89.45,86.75,86.33,86.32,0.1,0.94,0.71,Stacking,Parameterize Variable
2,Stack-LR,NoFS,84.71,85.97,82.95,84.44,84.71,84.7,0.11,0.92,0.71,Stacking,Parameterize Variable
3,Stack-LR,NoFS,86.33,85.82,87.05,86.43,86.33,86.33,0.1,0.93,0.71,Stacking,Parameterize Variable
4,Stack-LR,NoFS,85.3,84.96,85.78,85.37,85.3,85.3,0.11,0.92,0.71,Stacking,Parameterize Variable
5,Stack-LR,NoFS,83.54,85.42,80.87,83.09,83.54,83.53,0.12,0.92,0.71,Stacking,Parameterize Variable
6,Stack-LR,NoFS,85.54,83.42,88.71,85.98,85.54,85.52,0.11,0.93,0.71,Stacking,Parameterize Variable
7,Stack-LR,NoFS,85.94,86.13,85.67,85.9,85.94,85.93,0.1,0.93,0.71,Stacking,Parameterize Variable
8,Stack-LR,NoFS,85.3,84.45,86.52,85.47,85.3,85.29,0.1,0.93,0.71,Stacking,Parameterize Variable
9,Stack-LR,NoFS,86.49,85.57,87.8,86.67,86.49,86.49,0.1,0.93,0.71,Stacking,Parameterize Variable
10,Stack-DT,NoFS,80.61,81.83,78.69,80.23,80.61,80.6,0.19,0.81,0.58,Stacking,Parameterize Variable
11,Stack-DT,NoFS,80.61,79.75,82.05,80.88,80.61,80.6,0.19,0.81,0.58,Stacking,Parameterize Variable
12,Stack-DT,NoFS,79.36,79.91,78.42,79.16,79.36,79.35,0.21,0.79,0.58,Stacking,Parameterize Variable
13,Stack-DT,NoFS,78.64,78.64,78.64,78.64,78.64,78.64,0.21,0.79,0.58,Stacking,Parameterize Variable
14,Stack-DT,NoFS,77.57,79.32,74.59,76.88,77.57,77.55,0.22,0.78,0.58,Stacking,Parameterize Variable
15,Stack-DT,NoFS,77.28,78.93,74.43,76.61,77.28,77.26,0.23,0.77,0.58,Stacking,Parameterize Variable
16,Stack-DT,NoFS,79.89,79.25,80.98,80.11,79.89,79.89,0.2,0.8,0.58,Stacking,Parameterize Variable
17,Stack-DT,NoFS,77.65,79.39,74.69,76.97,77.65,77.63,0.22,0.78,0.58,Stacking,Parameterize Variable
18,Stack-DT,NoFS,79.91,79.05,81.41,80.21,79.91,79.91,0.2,0.8,0.58,Stacking,Parameterize Variable
19,Stack-DT,NoFS,79.97,80.49,79.12,79.8,79.97,79.97,0.2,0.8,0.58,Stacking,Parameterize Variable
0,TBStack-LR,NoFS,91.13,91.28,90.94,91.11,91.13,91.13,0.07,0.96,0.83,TreeStacking,Parameterize Variable
1,TBStack-LR,NoFS,92.57,92.05,93.18,92.61,92.57,92.57,0.06,0.97,0.83,TreeStacking,Parameterize Variable
2,TBStack-LR,NoFS,90.65,90.29,91.1,90.69,90.65,90.65,0.07,0.96,0.83,TreeStacking,Parameterize Variable
3,TBStack-LR,NoFS,92.65,91.24,94.35,92.77,92.65,92.65,0.06,0.97,0.83,TreeStacking,Parameterize Variable
4,TBStack-LR,NoFS,91.32,90.12,92.81,91.44,91.32,91.31,0.07,0.96,0.83,TreeStacking,Parameterize Variable
5,TBStack-LR,NoFS,91.21,90.95,91.53,91.24,91.21,91.21,0.07,0.96,0.83,TreeStacking,Parameterize Variable
6,TBStack-LR,NoFS,92.46,90.21,95.26,92.67,92.46,92.46,0.06,0.96,0.83,TreeStacking,Parameterize Variable
7,TBStack-LR,NoFS,90.89,89.87,92.17,91,90.89,90.89,0.07,0.96,0.83,TreeStacking,Parameterize Variable
8,TBStack-LR,NoFS,91.77,90.66,93.13,91.88,91.77,91.77,0.06,0.97,0.83,TreeStacking,Parameterize Variable
9,TBStack-LR,NoFS,91.98,90.12,94.3,92.16,91.98,91.98,0.06,0.97,0.83,TreeStacking,Parameterize Variable
10,TBStack-DT,NoFS,86.79,89.12,83.8,86.38,86.79,86.78,0.13,0.87,0.75,TreeStacking,Parameterize Variable
11,TBStack-DT,NoFS,87.8,89.66,85.46,87.51,87.8,87.79,0.12,0.88,0.75,TreeStacking,Parameterize Variable
12,TBStack-DT,NoFS,86.55,86.65,86.41,86.53,86.55,86.55,0.13,0.87,0.75,TreeStacking,Parameterize Variable
13,TBStack-DT,NoFS,88.36,89.09,87.43,88.25,88.36,88.36,0.12,0.88,0.75,TreeStacking,Parameterize Variable
14,TBStack-DT,NoFS,86.79,87.1,86.36,86.73,86.79,86.79,0.13,0.87,0.75,TreeStacking,Parameterize Variable
15,TBStack-DT,NoFS,86.92,88.12,85.35,86.71,86.92,86.92,0.13,0.87,0.75,TreeStacking,Parameterize Variable
16,TBStack-DT,NoFS,88.25,88.27,88.23,88.25,88.25,88.25,0.12,0.88,0.75,TreeStacking,Parameterize Variable
17,TBStack-DT,NoFS,87.27,87.75,86.63,87.18,87.27,87.27,0.13,0.87,0.75,TreeStacking,Parameterize Variable
18,TBStack-DT,NoFS,88.41,88.85,87.85,88.35,88.41,88.41,0.12,0.88,0.75,TreeStacking,Parameterize Variable
19,TBStack-DT,NoFS,86.92,87.14,86.63,86.88,86.92,86.92,0.13,0.87,0.75,TreeStacking,Parameterize Variable
0,Stack-LR,NoFS,96.17,97.43,94.85,96.12,96.17,96.17,0.03,0.98,0.92,Stacking,Rename Parameter
1,Stack-LR,NoFS,96.25,97.13,95.31,96.21,96.25,96.25,0.03,0.99,0.92,Stacking,Rename Parameter
2,Stack-LR,NoFS,96.52,96.97,96.04,96.5,96.52,96.52,0.03,0.99,0.92,Stacking,Rename Parameter
3,Stack-LR,NoFS,96.11,96.7,95.47,96.08,96.11,96.11,0.03,0.99,0.92,Stacking,Rename Parameter
4,Stack-LR,NoFS,96.18,96.7,95.61,96.16,96.18,96.18,0.03,0.99,0.92,Stacking,Rename Parameter
5,Stack-LR,NoFS,95.91,96.48,95.29,95.88,95.91,95.91,0.03,0.99,0.92,Stacking,Rename Parameter
6,Stack-LR,NoFS,96.26,96.72,95.78,96.25,96.26,96.26,0.03,0.99,0.92,Stacking,Rename Parameter
7,Stack-LR,NoFS,96.13,97.02,95.17,96.09,96.13,96.13,0.03,0.99,0.92,Stacking,Rename Parameter
8,Stack-LR,NoFS,95.68,96.59,94.71,95.64,95.68,95.68,0.03,0.98,0.92,Stacking,Rename Parameter
9,Stack-LR,NoFS,96.58,96.94,96.19,96.57,96.58,96.58,0.03,0.99,0.92,Stacking,Rename Parameter
10,Stack-DT,NoFS,93.82,94.22,93.36,93.79,93.82,93.82,0.06,0.94,0.87,Stacking,Rename Parameter
11,Stack-DT,NoFS,94.05,93.87,94.25,94.06,94.05,94.05,0.06,0.94,0.87,Stacking,Rename Parameter
12,Stack-DT,NoFS,94.04,94.04,94.04,94.04,94.04,94.04,0.06,0.94,0.87,Stacking,Rename Parameter
13,Stack-DT,NoFS,93.48,93.82,93.09,93.45,93.48,93.48,0.07,0.93,0.87,Stacking,Rename Parameter
14,Stack-DT,NoFS,93.55,93.76,93.3,93.53,93.55,93.54,0.06,0.94,0.87,Stacking,Rename Parameter
15,Stack-DT,NoFS,93.41,93.44,93.37,93.41,93.41,93.41,0.07,0.93,0.87,Stacking,Rename Parameter
16,Stack-DT,NoFS,93.71,93.7,93.72,93.71,93.71,93.71,0.06,0.94,0.87,Stacking,Rename Parameter
17,Stack-DT,NoFS,93.51,93.85,93.12,93.48,93.51,93.51,0.06,0.94,0.87,Stacking,Rename Parameter
18,Stack-DT,NoFS,93.27,92.89,93.71,93.3,93.27,93.27,0.07,0.93,0.87,Stacking,Rename Parameter
19,Stack-DT,NoFS,93.94,93.98,93.89,93.94,93.94,93.94,0.06,0.94,0.87,Stacking,Rename Parameter
0,TBStack-LR,NoFS,98.74,98.93,98.55,98.74,98.74,98.74,0.01,1,0.98,TreeStacking,Rename Parameter
1,TBStack-LR,NoFS,99.09,99.1,99.08,99.09,99.09,99.09,0.01,1,0.98,TreeStacking,Rename Parameter
2,TBStack-LR,NoFS,99.01,98.93,99.09,99.01,99.01,99.01,0.01,1,0.98,TreeStacking,Rename Parameter
3,TBStack-LR,NoFS,99.21,99,99.43,99.21,99.21,99.21,0.01,1,0.98,TreeStacking,Rename Parameter
4,TBStack-LR,NoFS,99.09,98.9,99.29,99.09,99.09,99.09,0.01,1,0.98,TreeStacking,Rename Parameter
5,TBStack-LR,NoFS,98.85,98.93,98.76,98.85,98.85,98.85,0.01,1,0.98,TreeStacking,Rename Parameter
6,TBStack-LR,NoFS,99.05,98.98,99.12,99.05,99.05,99.05,0.01,1,0.98,TreeStacking,Rename Parameter
7,TBStack-LR,NoFS,99.18,98.87,99.49,99.18,99.18,99.18,0.01,1,0.98,TreeStacking,Rename Parameter
8,TBStack-LR,NoFS,99.04,98.9,99.19,99.04,99.04,99.04,0.01,1,0.98,TreeStacking,Rename Parameter
9,TBStack-LR,NoFS,99.21,99.01,99.41,99.21,99.21,99.21,0.01,1,0.98,TreeStacking,Rename Parameter
10,TBStack-DT,NoFS,98.59,98.69,98.47,98.58,98.59,98.59,0.01,0.99,0.97,TreeStacking,Rename Parameter
11,TBStack-DT,NoFS,98.46,98.62,98.3,98.46,98.46,98.46,0.02,0.98,0.97,TreeStacking,Rename Parameter
12,TBStack-DT,NoFS,98.53,98.76,98.3,98.53,98.53,98.53,0.01,0.99,0.97,TreeStacking,Rename Parameter
13,TBStack-DT,NoFS,98.63,98.73,98.52,98.63,98.63,98.63,0.01,0.99,0.97,TreeStacking,Rename Parameter
14,TBStack-DT,NoFS,98.5,98.62,98.37,98.5,98.5,98.5,0.02,0.98,0.97,TreeStacking,Rename Parameter
15,TBStack-DT,NoFS,98.41,98.77,98.04,98.4,98.41,98.41,0.02,0.98,0.97,TreeStacking,Rename Parameter
16,TBStack-DT,NoFS,98.48,98.54,98.43,98.48,98.48,98.48,0.02,0.98,0.97,TreeStacking,Rename Parameter
17,TBStack-DT,NoFS,98.63,98.6,98.67,98.64,98.63,98.63,0.01,0.99,0.97,TreeStacking,Rename Parameter
18,TBStack-DT,NoFS,98.57,98.63,98.51,98.57,98.57,98.57,0.01,0.99,0.97,TreeStacking,Rename Parameter
19,TBStack-DT,NoFS,98.54,98.59,98.5,98.54,98.54,98.54,0.01,0.99,0.97,TreeStacking,Rename Parameter
0,Stack-LR,NoFS,95.72,96.69,94.69,95.68,95.72,95.72,0.04,0.99,0.91,Stacking,Rename Variable
1,Stack-LR,NoFS,95.54,96.35,94.66,95.5,95.54,95.54,0.04,0.98,0.91,Stacking,Rename Variable
2,Stack-LR,NoFS,95.9,96.9,94.84,95.86,95.9,95.9,0.03,0.99,0.91,Stacking,Rename Variable
3,Stack-LR,NoFS,95.76,96.69,94.76,95.71,95.76,95.76,0.04,0.99,0.91,Stacking,Rename Variable
4,Stack-LR,NoFS,95.67,96.23,95.06,95.64,95.67,95.67,0.03,0.99,0.91,Stacking,Rename Variable
5,Stack-LR,NoFS,95.14,96.02,94.18,95.09,95.14,95.14,0.04,0.98,0.91,Stacking,Rename Variable
6,Stack-LR,NoFS,95.56,96.35,94.7,95.52,95.56,95.56,0.04,0.99,0.91,Stacking,Rename Variable
7,Stack-LR,NoFS,95.33,97,93.55,95.24,95.33,95.33,0.04,0.99,0.91,Stacking,Rename Variable
8,Stack-LR,NoFS,95.67,96.64,94.63,95.63,95.67,95.67,0.04,0.99,0.91,Stacking,Rename Variable
9,Stack-LR,NoFS,95.78,96.62,94.88,95.74,95.78,95.78,0.04,0.99,0.91,Stacking,Rename Variable
10,Stack-DT,NoFS,93.12,93.06,93.18,93.12,93.12,93.12,0.07,0.93,0.86,Stacking,Rename Variable
11,Stack-DT,NoFS,92.45,93.16,91.63,92.39,92.45,92.45,0.08,0.92,0.86,Stacking,Rename Variable
12,Stack-DT,NoFS,93.28,94.04,92.42,93.22,93.28,93.28,0.07,0.93,0.86,Stacking,Rename Variable
13,Stack-DT,NoFS,92.82,93.28,92.3,92.78,92.82,92.82,0.07,0.93,0.86,Stacking,Rename Variable
14,Stack-DT,NoFS,93.02,93.4,92.58,92.99,93.02,93.02,0.07,0.93,0.86,Stacking,Rename Variable
15,Stack-DT,NoFS,92.29,93.51,90.89,92.18,92.29,92.29,0.08,0.92,0.86,Stacking,Rename Variable
16,Stack-DT,NoFS,93.11,92.81,93.45,93.13,93.11,93.11,0.07,0.93,0.86,Stacking,Rename Variable
17,Stack-DT,NoFS,92.82,92.33,93.4,92.86,92.82,92.82,0.07,0.93,0.86,Stacking,Rename Variable
18,Stack-DT,NoFS,92.97,92.8,93.18,92.99,92.97,92.97,0.07,0.93,0.86,Stacking,Rename Variable
19,Stack-DT,NoFS,92.81,93.18,92.37,92.77,92.81,92.81,0.07,0.93,0.86,Stacking,Rename Variable
0,TBStack-LR,NoFS,99.13,99.34,98.92,99.13,99.13,99.13,0.01,1,0.98,TreeStacking,Rename Variable
1,TBStack-LR,NoFS,99,99.29,98.71,99,99,99,0.01,1,0.98,TreeStacking,Rename Variable
2,TBStack-LR,NoFS,99.24,99.37,99.11,99.24,99.24,99.24,0.01,1,0.98,TreeStacking,Rename Variable
3,TBStack-LR,NoFS,99.23,99.33,99.14,99.23,99.23,99.23,0.01,1,0.98,TreeStacking,Rename Variable
4,TBStack-LR,NoFS,99.38,99.36,99.41,99.38,99.38,99.38,0.01,1,0.98,TreeStacking,Rename Variable
5,TBStack-LR,NoFS,98.88,99.35,98.4,98.87,98.88,98.88,0.01,1,0.98,TreeStacking,Rename Variable
6,TBStack-LR,NoFS,99.28,99.26,99.29,99.28,99.28,99.28,0.01,1,0.98,TreeStacking,Rename Variable
7,TBStack-LR,NoFS,99.32,99.25,99.38,99.32,99.32,99.32,0.01,1,0.98,TreeStacking,Rename Variable
8,TBStack-LR,NoFS,99.25,99.33,99.17,99.25,99.25,99.25,0.01,1,0.98,TreeStacking,Rename Variable
9,TBStack-LR,NoFS,99.27,99.31,99.22,99.27,99.27,99.27,0.01,1,0.98,TreeStacking,Rename Variable
10,TBStack-DT,NoFS,98.78,98.98,98.57,98.78,98.78,98.78,0.01,0.99,0.98,TreeStacking,Rename Variable
11,TBStack-DT,NoFS,98.65,98.94,98.35,98.65,98.65,98.65,0.01,0.99,0.98,TreeStacking,Rename Variable
12,TBStack-DT,NoFS,98.88,99.01,98.75,98.88,98.88,98.88,0.01,0.99,0.98,TreeStacking,Rename Variable
13,TBStack-DT,NoFS,98.75,98.9,98.6,98.75,98.75,98.75,0.01,0.99,0.98,TreeStacking,Rename Variable
14,TBStack-DT,NoFS,98.95,98.85,99.05,98.95,98.95,98.95,0.01,0.99,0.98,TreeStacking,Rename Variable
15,TBStack-DT,NoFS,98.57,98.98,98.15,98.56,98.57,98.57,0.01,0.99,0.98,TreeStacking,Rename Variable
16,TBStack-DT,NoFS,98.92,98.9,98.94,98.92,98.92,98.92,0.01,0.99,0.98,TreeStacking,Rename Variable
17,TBStack-DT,NoFS,98.96,98.86,99.05,98.96,98.96,98.96,0.01,0.99,0.98,TreeStacking,Rename Variable
18,TBStack-DT,NoFS,98.79,98.79,98.78,98.79,98.79,98.79,0.01,0.99,0.98,TreeStacking,Rename Variable
19,TBStack-DT,NoFS,98.73,98.64,98.83,98.73,98.73,98.73,0.01,0.99,0.98,TreeStacking,Rename Variable
0,Stack-LR,NoFS,87.02,86.98,87.07,87.03,87.02,87.02,0.1,0.94,0.74,Stacking,Replace Variable With Attribute
1,Stack-LR,NoFS,88.05,88.14,87.93,88.04,88.05,88.05,0.09,0.95,0.74,Stacking,Replace Variable With Attribute
2,Stack-LR,NoFS,86.25,85.57,87.21,86.38,86.25,86.25,0.1,0.94,0.74,Stacking,Replace Variable With Attribute
3,Stack-LR,NoFS,86.13,85.1,87.6,86.33,86.13,86.13,0.1,0.93,0.74,Stacking,Replace Variable With Attribute
4,Stack-LR,NoFS,87.33,87.53,87.07,87.3,87.33,87.33,0.09,0.94,0.74,Stacking,Replace Variable With Attribute
5,Stack-LR,NoFS,87.16,85.36,89.71,87.48,87.16,87.16,0.1,0.94,0.74,Stacking,Replace Variable With Attribute
6,Stack-LR,NoFS,86.23,87.69,84.28,85.95,86.23,86.22,0.1,0.94,0.74,Stacking,Replace Variable With Attribute
7,Stack-LR,NoFS,86.03,86.4,85.53,85.96,86.03,86.03,0.1,0.94,0.74,Stacking,Replace Variable With Attribute
8,Stack-LR,NoFS,87.6,85.94,89.9,87.88,87.6,87.59,0.09,0.95,0.74,Stacking,Replace Variable With Attribute
9,Stack-LR,NoFS,86.73,86.24,87.4,86.82,86.73,86.73,0.1,0.94,0.74,Stacking,Replace Variable With Attribute
10,Stack-DT,NoFS,79.81,82.77,75.29,78.85,79.81,79.77,0.2,0.8,0.62,Stacking,Replace Variable With Attribute
11,Stack-DT,NoFS,81.78,81.48,82.26,81.87,81.78,81.78,0.18,0.82,0.62,Stacking,Replace Variable With Attribute
12,Stack-DT,NoFS,80.87,80.72,81.11,80.91,80.87,80.87,0.19,0.81,0.62,Stacking,Replace Variable With Attribute
13,Stack-DT,NoFS,79.83,79.7,80.05,79.88,79.83,79.83,0.2,0.8,0.62,Stacking,Replace Variable With Attribute
14,Stack-DT,NoFS,81.49,82.98,79.23,81.06,81.49,81.48,0.19,0.81,0.62,Stacking,Replace Variable With Attribute
15,Stack-DT,NoFS,81.3,80.28,82.98,81.61,81.3,81.29,0.19,0.81,0.62,Stacking,Replace Variable With Attribute
16,Stack-DT,NoFS,80.77,81.4,79.76,80.57,80.77,80.77,0.19,0.81,0.62,Stacking,Replace Variable With Attribute
17,Stack-DT,NoFS,81.54,82.25,80.43,81.33,81.54,81.54,0.18,0.82,0.62,Stacking,Replace Variable With Attribute
18,Stack-DT,NoFS,82.14,81.58,83.03,82.3,82.14,82.14,0.18,0.82,0.62,Stacking,Replace Variable With Attribute
19,Stack-DT,NoFS,81.13,82.78,78.61,80.64,81.13,81.12,0.19,0.81,0.62,Stacking,Replace Variable With Attribute
0,TBStack-LR,NoFS,92.24,91.5,93.12,92.3,92.24,92.23,0.06,0.97,0.84,TreeStacking,Replace Variable With Attribute
1,TBStack-LR,NoFS,92.5,92.58,92.4,92.49,92.5,92.5,0.06,0.97,0.84,TreeStacking,Replace Variable With Attribute
2,TBStack-LR,NoFS,92.28,91.31,93.46,92.37,92.28,92.28,0.06,0.97,0.84,TreeStacking,Replace Variable With Attribute
3,TBStack-LR,NoFS,91.39,90.31,92.74,91.51,91.39,91.39,0.07,0.96,0.84,TreeStacking,Replace Variable With Attribute
4,TBStack-LR,NoFS,91.97,91.69,92.31,92,91.97,91.97,0.06,0.97,0.84,TreeStacking,Replace Variable With Attribute
5,TBStack-LR,NoFS,92.62,90.53,95.19,92.81,92.62,92.62,0.06,0.97,0.84,TreeStacking,Replace Variable With Attribute
6,TBStack-LR,NoFS,91.49,91.57,91.39,91.48,91.49,91.49,0.06,0.97,0.84,TreeStacking,Replace Variable With Attribute
7,TBStack-LR,NoFS,92.19,91.45,93.08,92.26,92.19,92.19,0.06,0.97,0.84,TreeStacking,Replace Variable With Attribute
8,TBStack-LR,NoFS,92.74,91.2,94.62,92.87,92.74,92.74,0.05,0.98,0.84,TreeStacking,Replace Variable With Attribute
9,TBStack-LR,NoFS,92.79,92.06,93.65,92.85,92.79,92.79,0.06,0.97,0.84,TreeStacking,Replace Variable With Attribute
10,TBStack-DT,NoFS,87.6,88.98,85.82,87.37,87.6,87.59,0.12,0.88,0.76,TreeStacking,Replace Variable With Attribute
11,TBStack-DT,NoFS,88.46,88.8,88.03,88.41,88.46,88.46,0.12,0.88,0.76,TreeStacking,Replace Variable With Attribute
12,TBStack-DT,NoFS,88.56,89.39,87.5,88.44,88.56,88.56,0.11,0.89,0.76,TreeStacking,Replace Variable With Attribute
13,TBStack-DT,NoFS,86.27,87.56,84.57,86.04,86.27,86.27,0.14,0.86,0.76,TreeStacking,Replace Variable With Attribute
14,TBStack-DT,NoFS,87.55,88.82,85.91,87.34,87.55,87.54,0.12,0.88,0.76,TreeStacking,Replace Variable With Attribute
15,TBStack-DT,NoFS,88.37,87.96,88.89,88.43,88.37,88.37,0.12,0.88,0.76,TreeStacking,Replace Variable With Attribute
16,TBStack-DT,NoFS,87.72,88.82,86.3,87.54,87.72,87.71,0.12,0.88,0.76,TreeStacking,Replace Variable With Attribute
17,TBStack-DT,NoFS,88.15,88.99,87.07,88.02,88.15,88.15,0.12,0.88,0.76,TreeStacking,Replace Variable With Attribute
18,TBStack-DT,NoFS,89.16,89.44,88.8,89.12,89.16,89.16,0.11,0.89,0.76,TreeStacking,Replace Variable With Attribute
19,TBStack-DT,NoFS,88.73,88.82,88.61,88.71,88.73,88.73,0.11,0.89,0.76,TreeStacking,Replace Variable With Attribute
0,Stack-LR,GR,83.96,83.64,84.42,84.03,83.96,83.96,0.12,0.91,0.65,Stacking,Extract Variable
1,Stack-LR,GR,84.74,82.89,87.54,85.15,84.74,84.72,0.11,0.93,0.65,Stacking,Extract Variable
2,Stack-LR,GR,83.49,81.71,86.29,83.94,83.49,83.48,0.12,0.91,0.65,Stacking,Extract Variable
3,Stack-LR,GR,81.78,78.49,87.54,82.77,81.78,81.71,0.13,0.9,0.65,Stacking,Extract Variable
4,Stack-LR,GR,78.16,77.11,80,78.53,78.16,78.15,0.15,0.87,0.65,Stacking,Extract Variable
5,Stack-LR,GR,81.75,81.62,81.88,81.75,81.75,81.75,0.13,0.9,0.65,Stacking,Extract Variable
6,Stack-LR,GR,82.53,80.77,85.31,82.98,82.53,82.51,0.13,0.9,0.65,Stacking,Extract Variable
7,Stack-LR,GR,80.03,79.33,81.31,80.31,80.03,80.03,0.13,0.89,0.65,Stacking,Extract Variable
8,Stack-LR,GR,82.37,80.59,85.36,82.9,82.37,82.35,0.12,0.91,0.65,Stacking,Extract Variable
9,Stack-LR,GR,85.49,82.76,89.72,86.1,85.49,85.46,0.11,0.93,0.65,Stacking,Extract Variable
10,Stack-DT,GR,76.01,75.85,76.32,76.09,76.01,76.01,0.24,0.76,0.51,Stacking,Extract Variable
11,Stack-DT,GR,73.05,73.12,72.9,73.01,73.05,73.05,0.27,0.73,0.51,Stacking,Extract Variable
12,Stack-DT,GR,75.39,75.87,74.45,75.16,75.39,75.39,0.25,0.75,0.51,Stacking,Extract Variable
13,Stack-DT,GR,76.95,75.37,80.06,77.64,76.95,76.92,0.23,0.77,0.51,Stacking,Extract Variable
14,Stack-DT,GR,74.26,73.99,74.69,74.34,74.26,74.26,0.26,0.74,0.51,Stacking,Extract Variable
15,Stack-DT,GR,77.85,78.53,76.56,77.53,77.85,77.84,0.22,0.78,0.51,Stacking,Extract Variable
16,Stack-DT,GR,76.6,75.3,79.06,77.13,76.6,76.59,0.23,0.77,0.51,Stacking,Extract Variable
17,Stack-DT,GR,72.54,75.09,67.6,71.15,72.54,72.48,0.27,0.73,0.51,Stacking,Extract Variable
18,Stack-DT,GR,75.82,76.77,74.14,75.44,75.82,75.81,0.24,0.76,0.51,Stacking,Extract Variable
19,Stack-DT,GR,77.22,77.26,77.26,77.26,77.22,77.22,0.23,0.77,0.51,Stacking,Extract Variable
0,TBStack-LR,GR,85.36,84.71,86.29,85.49,85.36,85.36,0.11,0.92,0.68,TreeStacking,Extract Variable
1,TBStack-LR,GR,86.45,84.21,89.72,86.88,86.45,86.43,0.1,0.93,0.68,TreeStacking,Extract Variable
2,TBStack-LR,GR,83.49,82.67,84.74,83.69,83.49,83.49,0.11,0.92,0.68,TreeStacking,Extract Variable
3,TBStack-LR,GR,84.11,81.92,87.54,84.64,84.11,84.09,0.12,0.91,0.68,TreeStacking,Extract Variable
4,TBStack-LR,GR,79.72,79.32,80.31,79.81,79.72,79.72,0.14,0.89,0.68,TreeStacking,Extract Variable
5,TBStack-LR,GR,83.62,84.13,82.81,83.46,83.62,83.62,0.12,0.91,0.68,TreeStacking,Extract Variable
6,TBStack-LR,GR,84.09,83.03,85.62,84.31,84.09,84.08,0.12,0.92,0.68,TreeStacking,Extract Variable
7,TBStack-LR,GR,83.46,83.28,83.8,83.54,83.46,83.46,0.12,0.91,0.68,TreeStacking,Extract Variable
8,TBStack-LR,GR,84.24,82.93,86.29,84.58,84.24,84.24,0.11,0.92,0.68,TreeStacking,Extract Variable
9,TBStack-LR,GR,87.05,85,90.03,87.44,87.05,87.04,0.1,0.94,0.68,TreeStacking,Extract Variable
10,TBStack-DT,GR,75.55,76.28,74.14,75.2,75.55,75.54,0.24,0.76,0.52,TreeStacking,Extract Variable
11,TBStack-DT,GR,76.32,78.64,72.27,75.32,76.32,76.29,0.24,0.76,0.52,TreeStacking,Extract Variable
12,TBStack-DT,GR,74.77,75.24,73.83,74.53,74.77,74.76,0.25,0.75,0.52,TreeStacking,Extract Variable
13,TBStack-DT,GR,77.41,76.19,79.75,77.93,77.41,77.4,0.23,0.77,0.52,TreeStacking,Extract Variable
14,TBStack-DT,GR,72.54,71.82,74.06,72.92,72.54,72.54,0.27,0.73,0.52,TreeStacking,Extract Variable
15,TBStack-DT,GR,76.29,77.81,73.44,75.56,76.29,76.27,0.24,0.76,0.52,TreeStacking,Extract Variable
16,TBStack-DT,GR,75.2,75.56,74.38,74.96,75.2,75.19,0.25,0.75,0.52,TreeStacking,Extract Variable
17,TBStack-DT,GR,74.57,74.53,74.77,74.65,74.57,74.57,0.25,0.75,0.52,TreeStacking,Extract Variable
18,TBStack-DT,GR,76.91,76.62,77.57,77.09,76.91,76.91,0.23,0.77,0.52,TreeStacking,Extract Variable
19,TBStack-DT,GR,78.32,75.71,83.49,79.41,78.32,78.26,0.22,0.78,0.52,TreeStacking,Extract Variable
0,Stack-LR,GR,87.1,87.21,86.96,87.08,87.1,87.1,0.09,0.94,0.77,Stacking,Inline Variable
1,Stack-LR,GR,87.88,89.61,85.69,87.61,87.88,87.87,0.09,0.95,0.77,Stacking,Inline Variable
2,Stack-LR,GR,88.09,89.16,86.72,87.92,88.09,88.08,0.09,0.95,0.77,Stacking,Inline Variable
3,Stack-LR,GR,89.68,88.44,91.3,89.85,89.68,89.68,0.08,0.95,0.77,Stacking,Inline Variable
4,Stack-LR,GR,88.35,88.19,88.55,88.37,88.35,88.35,0.09,0.95,0.77,Stacking,Inline Variable
5,Stack-LR,GR,87.98,88.42,87.41,87.91,87.98,87.98,0.09,0.94,0.77,Stacking,Inline Variable
6,Stack-LR,GR,88.14,89.3,86.67,87.97,88.14,88.14,0.09,0.95,0.77,Stacking,Inline Variable
7,Stack-LR,GR,88.04,88.24,87.78,88.01,88.04,88.04,0.09,0.95,0.77,Stacking,Inline Variable
8,Stack-LR,GR,88.49,88.76,88.14,88.45,88.49,88.49,0.09,0.95,0.77,Stacking,Inline Variable
9,Stack-LR,GR,88.88,87.26,91.05,89.12,88.88,88.87,0.08,0.95,0.77,Stacking,Inline Variable
10,Stack-DT,GR,80.85,82.15,78.82,80.45,80.85,80.84,0.19,0.81,0.66,Stacking,Inline Variable
11,Stack-DT,GR,83.47,83.7,83.12,83.41,83.47,83.47,0.17,0.83,0.66,Stacking,Inline Variable
12,Stack-DT,GR,83.28,83.92,82.35,83.13,83.28,83.28,0.17,0.83,0.66,Stacking,Inline Variable
13,Stack-DT,GR,84.34,84.32,84.39,84.35,84.34,84.34,0.16,0.84,0.66,Stacking,Inline Variable
14,Stack-DT,GR,82.48,83.34,81.19,82.25,82.48,82.48,0.18,0.82,0.66,Stacking,Inline Variable
15,Stack-DT,GR,81.32,84.32,76.94,80.46,81.32,81.28,0.19,0.81,0.66,Stacking,Inline Variable
16,Stack-DT,GR,83.57,84.32,82.46,83.38,83.57,83.56,0.16,0.84,0.66,Stacking,Inline Variable
17,Stack-DT,GR,83.18,83.6,82.54,83.07,83.18,83.18,0.17,0.83,0.66,Stacking,Inline Variable
18,Stack-DT,GR,83.28,84.35,81.73,83.01,83.28,83.27,0.17,0.83,0.66,Stacking,Inline Variable
19,Stack-DT,GR,83.85,84.41,83.03,83.72,83.85,83.85,0.16,0.84,0.66,Stacking,Inline Variable
0,TBStack-LR,GR,95.01,93.52,96.73,95.1,95.01,95.01,0.04,0.98,0.92,TreeStacking,Inline Variable
1,TBStack-LR,GR,95.83,95.06,96.69,95.87,95.83,95.83,0.03,0.98,0.92,TreeStacking,Inline Variable
2,TBStack-LR,GR,95.71,94.09,97.55,95.79,95.71,95.71,0.04,0.98,0.92,TreeStacking,Inline Variable
3,TBStack-LR,GR,96.32,94.96,97.83,96.38,96.32,96.32,0.03,0.98,0.92,TreeStacking,Inline Variable
4,TBStack-LR,GR,96.18,94.56,98,96.25,96.18,96.18,0.03,0.98,0.92,TreeStacking,Inline Variable
5,TBStack-LR,GR,95.67,94.54,96.93,95.72,95.67,95.67,0.04,0.98,0.92,TreeStacking,Inline Variable
6,TBStack-LR,GR,96.16,94.52,98,96.23,96.16,96.16,0.03,0.98,0.92,TreeStacking,Inline Variable
7,TBStack-LR,GR,96.12,94.58,97.83,96.18,96.12,96.11,0.03,0.99,0.92,TreeStacking,Inline Variable
8,TBStack-LR,GR,95.61,94.32,97.06,95.67,95.61,95.6,0.04,0.98,0.92,TreeStacking,Inline Variable
9,TBStack-LR,GR,95.73,94.05,97.63,95.81,95.73,95.73,0.04,0.98,0.92,TreeStacking,Inline Variable
10,TBStack-DT,GR,92.7,93.43,91.86,92.64,92.7,92.7,0.07,0.93,0.86,TreeStacking,Inline Variable
11,TBStack-DT,GR,93.05,94.43,91.5,92.94,93.05,93.05,0.07,0.93,0.86,TreeStacking,Inline Variable
12,TBStack-DT,GR,93.68,94.39,92.89,93.64,93.68,93.68,0.06,0.94,0.86,TreeStacking,Inline Variable
13,TBStack-DT,GR,93.34,94.13,92.44,93.28,93.34,93.34,0.07,0.93,0.86,TreeStacking,Inline Variable
14,TBStack-DT,GR,92.78,93.33,92.15,92.74,92.78,92.78,0.07,0.93,0.86,TreeStacking,Inline Variable
15,TBStack-DT,GR,92.17,93.84,90.27,92.02,92.17,92.17,0.08,0.92,0.86,TreeStacking,Inline Variable
16,TBStack-DT,GR,93.05,93.51,92.52,93.01,93.05,93.05,0.07,0.93,0.86,TreeStacking,Inline Variable
17,TBStack-DT,GR,93.19,93.53,92.8,93.17,93.19,93.19,0.07,0.93,0.86,TreeStacking,Inline Variable
18,TBStack-DT,GR,92.64,93.13,92.07,92.6,92.64,92.64,0.07,0.93,0.86,TreeStacking,Inline Variable
19,TBStack-DT,GR,93.11,93.23,92.97,93.1,93.11,93.11,0.07,0.93,0.86,TreeStacking,Inline Variable
0,Stack-LR,GR,87.27,90.09,83.75,86.8,87.27,87.25,0.1,0.94,0.74,Stacking,Parameterize Variable
1,Stack-LR,GR,88.09,88.69,87.32,88,88.09,88.09,0.09,0.95,0.74,Stacking,Parameterize Variable
2,Stack-LR,GR,85.24,85.93,84.28,85.1,85.24,85.24,0.1,0.93,0.74,Stacking,Parameterize Variable
3,Stack-LR,GR,86.81,87.07,86.47,86.77,86.81,86.81,0.1,0.93,0.74,Stacking,Parameterize Variable
4,Stack-LR,GR,86.73,87.01,86.36,86.68,86.73,86.73,0.1,0.93,0.74,Stacking,Parameterize Variable
5,Stack-LR,GR,84.55,87.12,81.09,84,84.55,84.53,0.11,0.92,0.74,Stacking,Parameterize Variable
6,Stack-LR,GR,87.64,87.48,87.85,87.67,87.64,87.64,0.09,0.94,0.74,Stacking,Parameterize Variable
7,Stack-LR,GR,87.96,87.32,88.81,88.06,87.96,87.96,0.09,0.94,0.74,Stacking,Parameterize Variable
8,Stack-LR,GR,87.53,88.31,86.52,87.41,87.53,87.53,0.1,0.93,0.74,Stacking,Parameterize Variable
9,Stack-LR,GR,87.88,88.06,87.64,87.85,87.88,87.88,0.09,0.94,0.74,Stacking,Parameterize Variable
10,Stack-DT,GR,79.65,82.72,74.96,78.65,79.65,79.6,0.2,0.8,0.61,Stacking,Parameterize Variable
11,Stack-DT,GR,82.42,83.82,80.34,82.05,82.42,82.41,0.18,0.82,0.61,Stacking,Parameterize Variable
12,Stack-DT,GR,79.83,80.67,78.48,79.56,79.83,79.83,0.2,0.8,0.61,Stacking,Parameterize Variable
13,Stack-DT,GR,81.17,82.36,79.33,80.81,81.17,81.16,0.19,0.81,0.61,Stacking,Parameterize Variable
14,Stack-DT,GR,80.1,81.99,77.14,79.49,80.1,80.08,0.2,0.8,0.61,Stacking,Parameterize Variable
15,Stack-DT,GR,80.07,81.73,77.46,79.54,80.07,80.06,0.2,0.8,0.61,Stacking,Parameterize Variable
16,Stack-DT,GR,81.94,83.14,80.13,81.61,81.94,81.93,0.18,0.82,0.61,Stacking,Parameterize Variable
17,Stack-DT,GR,79.97,81.16,78.05,79.58,79.97,79.96,0.2,0.8,0.61,Stacking,Parameterize Variable
18,Stack-DT,GR,79.97,81.83,77.04,79.36,79.97,79.95,0.2,0.8,0.61,Stacking,Parameterize Variable
19,Stack-DT,GR,80.23,82.52,76.72,79.51,80.23,80.21,0.2,0.8,0.61,Stacking,Parameterize Variable
0,TBStack-LR,GR,94.65,93.56,95.9,94.71,94.65,94.64,0.05,0.97,0.9,TreeStacking,Parameterize Variable
1,TBStack-LR,GR,95.66,94.45,97.02,95.72,95.66,95.66,0.04,0.98,0.9,TreeStacking,Parameterize Variable
2,TBStack-LR,GR,95.07,93.08,97.39,95.18,95.07,95.07,0.04,0.97,0.9,TreeStacking,Parameterize Variable
3,TBStack-LR,GR,94.62,92.66,96.91,94.74,94.62,94.62,0.05,0.97,0.9,TreeStacking,Parameterize Variable
4,TBStack-LR,GR,95.15,92.87,97.82,95.28,95.15,95.15,0.04,0.98,0.9,TreeStacking,Parameterize Variable
5,TBStack-LR,GR,94.51,93.36,95.84,94.58,94.51,94.51,0.05,0.97,0.9,TreeStacking,Parameterize Variable
6,TBStack-LR,GR,95.18,92.83,97.92,95.31,95.18,95.17,0.04,0.98,0.9,TreeStacking,Parameterize Variable
7,TBStack-LR,GR,94.81,93.17,96.7,94.9,94.81,94.8,0.04,0.97,0.9,TreeStacking,Parameterize Variable
8,TBStack-LR,GR,94.54,93.5,95.74,94.6,94.54,94.54,0.04,0.98,0.9,TreeStacking,Parameterize Variable
9,TBStack-LR,GR,94.81,93.13,96.75,94.9,94.81,94.8,0.04,0.98,0.9,TreeStacking,Parameterize Variable
10,TBStack-DT,GR,91.85,93.28,90.2,91.71,91.85,91.85,0.08,0.92,0.83,TreeStacking,Parameterize Variable
11,TBStack-DT,GR,92.19,93.61,90.57,92.07,92.19,92.19,0.08,0.92,0.83,TreeStacking,Parameterize Variable
12,TBStack-DT,GR,91.74,92.6,90.73,91.66,91.74,91.74,0.08,0.92,0.83,TreeStacking,Parameterize Variable
13,TBStack-DT,GR,91.58,91.81,91.32,91.56,91.58,91.58,0.08,0.92,0.83,TreeStacking,Parameterize Variable
14,TBStack-DT,GR,91.85,92.3,91.32,91.81,91.85,91.85,0.08,0.92,0.83,TreeStacking,Parameterize Variable
15,TBStack-DT,GR,91.96,93.06,90.68,91.85,91.96,91.95,0.08,0.92,0.83,TreeStacking,Parameterize Variable
16,TBStack-DT,GR,91.32,91.94,90.57,91.25,91.32,91.32,0.09,0.91,0.83,TreeStacking,Parameterize Variable
17,TBStack-DT,GR,91.85,92.62,90.94,91.77,91.85,91.85,0.08,0.92,0.83,TreeStacking,Parameterize Variable
18,TBStack-DT,GR,91.34,92.78,89.66,91.19,91.34,91.34,0.09,0.91,0.83,TreeStacking,Parameterize Variable
19,TBStack-DT,GR,91.1,92.14,89.88,90.99,91.1,91.1,0.09,0.91,0.83,TreeStacking,Parameterize Variable
0,Stack-LR,GR,96.84,97.63,96.02,96.82,96.84,96.84,0.03,0.99,0.94,Stacking,Rename Parameter
1,Stack-LR,GR,96.89,97.62,96.12,96.87,96.89,96.89,0.03,0.99,0.94,Stacking,Rename Parameter
2,Stack-LR,GR,96.9,97.8,95.94,96.87,96.9,96.89,0.03,0.99,0.94,Stacking,Rename Parameter
3,Stack-LR,GR,97.21,97.68,96.71,97.19,97.21,97.21,0.02,0.99,0.94,Stacking,Rename Parameter
4,Stack-LR,GR,96.72,97.48,95.92,96.69,96.72,96.72,0.03,0.99,0.94,Stacking,Rename Parameter
5,Stack-LR,GR,96.71,97.7,95.67,96.68,96.71,96.71,0.03,0.99,0.94,Stacking,Rename Parameter
6,Stack-LR,GR,97.03,97.9,96.13,97.01,97.03,97.03,0.03,0.99,0.94,Stacking,Rename Parameter
7,Stack-LR,GR,96.82,97.65,95.95,96.79,96.82,96.82,0.03,0.99,0.94,Stacking,Rename Parameter
8,Stack-LR,GR,96.6,97.42,95.72,96.56,96.6,96.59,0.03,0.99,0.94,Stacking,Rename Parameter
9,Stack-LR,GR,97.03,97.5,96.53,97.01,97.03,97.03,0.02,0.99,0.94,Stacking,Rename Parameter
10,Stack-DT,GR,94.7,94.58,94.84,94.71,94.7,94.7,0.05,0.95,0.89,Stacking,Rename Parameter
11,Stack-DT,GR,94.69,94.58,94.83,94.7,94.69,94.69,0.05,0.95,0.89,Stacking,Rename Parameter
12,Stack-DT,GR,94.77,94.5,95.07,94.78,94.77,94.77,0.05,0.95,0.89,Stacking,Rename Parameter
13,Stack-DT,GR,94.56,94.34,94.8,94.57,94.56,94.56,0.05,0.95,0.89,Stacking,Rename Parameter
14,Stack-DT,GR,94.52,94.26,94.81,94.54,94.52,94.52,0.05,0.95,0.89,Stacking,Rename Parameter
15,Stack-DT,GR,94.71,94.54,94.91,94.72,94.71,94.71,0.05,0.95,0.89,Stacking,Rename Parameter
16,Stack-DT,GR,94.42,94.41,94.43,94.42,94.42,94.42,0.06,0.94,0.89,Stacking,Rename Parameter
17,Stack-DT,GR,94.37,94.2,94.56,94.38,94.37,94.37,0.06,0.94,0.89,Stacking,Rename Parameter
18,Stack-DT,GR,94.06,93.99,94.14,94.07,94.06,94.06,0.06,0.94,0.89,Stacking,Rename Parameter
19,Stack-DT,GR,94.63,93.88,95.48,94.68,94.63,94.63,0.05,0.95,0.89,Stacking,Rename Parameter
0,TBStack-LR,GR,99.05,99.28,98.82,99.05,99.05,99.05,0.01,1,0.99,TreeStacking,Rename Parameter
1,TBStack-LR,GR,99.34,99.34,99.34,99.34,99.34,99.34,0.01,1,0.99,TreeStacking,Rename Parameter
2,TBStack-LR,GR,99.32,99.37,99.26,99.32,99.32,99.32,0.01,1,0.99,TreeStacking,Rename Parameter
3,TBStack-LR,GR,99.51,99.41,99.62,99.51,99.51,99.51,0,1,0.99,TreeStacking,Rename Parameter
4,TBStack-LR,GR,99.45,99.43,99.47,99.45,99.45,99.45,0,1,0.99,TreeStacking,Rename Parameter
5,TBStack-LR,GR,99.13,99.28,98.98,99.13,99.13,99.13,0.01,1,0.99,TreeStacking,Rename Parameter
6,TBStack-LR,GR,99.32,99.33,99.31,99.32,99.32,99.32,0.01,1,0.99,TreeStacking,Rename Parameter
7,TBStack-LR,GR,99.47,99.41,99.54,99.47,99.47,99.47,0,1,0.99,TreeStacking,Rename Parameter
8,TBStack-LR,GR,99.29,99.17,99.41,99.29,99.29,99.29,0.01,1,0.99,TreeStacking,Rename Parameter
9,TBStack-LR,GR,99.43,99.3,99.56,99.43,99.43,99.43,0,1,0.99,TreeStacking,Rename Parameter
10,TBStack-DT,GR,98.84,98.93,98.75,98.84,98.84,98.84,0.01,0.99,0.98,TreeStacking,Rename Parameter
11,TBStack-DT,GR,98.98,99.11,98.85,98.98,98.98,98.98,0.01,0.99,0.98,TreeStacking,Rename Parameter
12,TBStack-DT,GR,98.71,98.97,98.43,98.7,98.71,98.71,0.01,0.99,0.98,TreeStacking,Rename Parameter
13,TBStack-DT,GR,98.98,99.1,98.86,98.98,98.98,98.98,0.01,0.99,0.98,TreeStacking,Rename Parameter
14,TBStack-DT,GR,98.82,98.89,98.75,98.82,98.82,98.82,0.01,0.99,0.98,TreeStacking,Rename Parameter
15,TBStack-DT,GR,98.62,98.76,98.47,98.61,98.62,98.62,0.01,0.99,0.98,TreeStacking,Rename Parameter
16,TBStack-DT,GR,98.88,99.02,98.74,98.88,98.88,98.88,0.01,0.99,0.98,TreeStacking,Rename Parameter
17,TBStack-DT,GR,98.98,99.01,98.94,98.98,98.98,98.98,0.01,0.99,0.98,TreeStacking,Rename Parameter
18,TBStack-DT,GR,98.67,98.56,98.78,98.67,98.67,98.67,0.01,0.99,0.98,TreeStacking,Rename Parameter
19,TBStack-DT,GR,98.91,98.88,98.93,98.91,98.91,98.91,0.01,0.99,0.98,TreeStacking,Rename Parameter
0,Stack-LR,GR,98.01,98.87,97.14,98,98.01,98.01,0.02,0.99,0.96,Stacking,Rename Variable
1,Stack-LR,GR,98.14,98.88,97.39,98.13,98.14,98.14,0.02,0.99,0.96,Stacking,Rename Variable
2,Stack-LR,GR,98.1,98.86,97.31,98.08,98.1,98.1,0.02,0.99,0.96,Stacking,Rename Variable
3,Stack-LR,GR,98.07,98.73,97.39,98.06,98.07,98.07,0.02,0.99,0.96,Stacking,Rename Variable
4,Stack-LR,GR,98.36,98.92,97.79,98.36,98.36,98.36,0.01,0.99,0.96,Stacking,Rename Variable
5,Stack-LR,GR,97.8,98.89,96.68,97.77,97.8,97.8,0.02,0.99,0.96,Stacking,Rename Variable
6,Stack-LR,GR,98.19,98.88,97.48,98.17,98.19,98.19,0.02,0.99,0.96,Stacking,Rename Variable
7,Stack-LR,GR,98.25,98.85,97.64,98.24,98.25,98.25,0.01,0.99,0.96,Stacking,Rename Variable
8,Stack-LR,GR,98.04,98.87,97.2,98.03,98.04,98.04,0.02,0.99,0.96,Stacking,Rename Variable
9,Stack-LR,GR,98.1,98.79,97.4,98.09,98.1,98.1,0.02,0.99,0.96,Stacking,Rename Variable
10,Stack-DT,GR,96.58,96.55,96.62,96.58,96.58,96.58,0.03,0.97,0.93,Stacking,Rename Variable
11,Stack-DT,GR,96.3,95.8,96.84,96.32,96.3,96.3,0.04,0.96,0.93,Stacking,Rename Variable
12,Stack-DT,GR,96.49,95.85,97.18,96.51,96.49,96.49,0.04,0.96,0.93,Stacking,Rename Variable
13,Stack-DT,GR,96.78,96.48,97.1,96.79,96.78,96.78,0.03,0.97,0.93,Stacking,Rename Variable
14,Stack-DT,GR,96.93,96.33,97.58,96.95,96.93,96.93,0.03,0.97,0.93,Stacking,Rename Variable
15,Stack-DT,GR,96.6,96.85,96.34,96.59,96.6,96.6,0.03,0.97,0.93,Stacking,Rename Variable
16,Stack-DT,GR,96.63,96.25,97.04,96.64,96.63,96.63,0.03,0.97,0.93,Stacking,Rename Variable
17,Stack-DT,GR,96.69,96.44,96.95,96.7,96.69,96.69,0.03,0.97,0.93,Stacking,Rename Variable
18,Stack-DT,GR,96.68,96.65,96.71,96.68,96.68,96.68,0.03,0.97,0.93,Stacking,Rename Variable
19,Stack-DT,GR,96.77,96.24,97.35,96.79,96.77,96.77,0.03,0.97,0.93,Stacking,Rename Variable
0,TBStack-LR,GR,99.49,99.7,99.27,99.49,99.49,99.49,0,1,0.99,TreeStacking,Rename Variable
1,TBStack-LR,GR,99.44,99.73,99.15,99.44,99.44,99.44,0,1,0.99,TreeStacking,Rename Variable
2,TBStack-LR,GR,99.6,99.79,99.41,99.6,99.6,99.6,0,1,0.99,TreeStacking,Rename Variable
3,TBStack-LR,GR,99.56,99.62,99.49,99.56,99.56,99.56,0,1,0.99,TreeStacking,Rename Variable
4,TBStack-LR,GR,99.66,99.68,99.63,99.66,99.66,99.66,0,1,0.99,TreeStacking,Rename Variable
5,TBStack-LR,GR,99.22,99.71,98.72,99.21,99.22,99.22,0.01,1,0.99,TreeStacking,Rename Variable
6,TBStack-LR,GR,99.5,99.5,99.5,99.5,99.5,99.5,0,1,0.99,TreeStacking,Rename Variable
7,TBStack-LR,GR,99.65,99.67,99.63,99.65,99.65,99.65,0,1,0.99,TreeStacking,Rename Variable
8,TBStack-LR,GR,99.56,99.7,99.42,99.56,99.56,99.56,0,1,0.99,TreeStacking,Rename Variable
9,TBStack-LR,GR,99.62,99.69,99.54,99.62,99.62,99.62,0,1,0.99,TreeStacking,Rename Variable
10,TBStack-DT,GR,99.24,99.21,99.27,99.24,99.24,99.24,0.01,0.99,0.99,TreeStacking,Rename Variable
11,TBStack-DT,GR,99.14,99.47,98.8,99.13,99.14,99.14,0.01,0.99,0.99,TreeStacking,Rename Variable
12,TBStack-DT,GR,99.36,99.32,99.4,99.36,99.36,99.36,0.01,0.99,0.99,TreeStacking,Rename Variable
13,TBStack-DT,GR,99.35,99.28,99.43,99.35,99.35,99.35,0.01,0.99,0.99,TreeStacking,Rename Variable
14,TBStack-DT,GR,99.33,99.1,99.57,99.34,99.33,99.33,0.01,0.99,0.99,TreeStacking,Rename Variable
15,TBStack-DT,GR,99.16,99.49,98.83,99.16,99.16,99.16,0.01,0.99,0.99,TreeStacking,Rename Variable
16,TBStack-DT,GR,99.25,99.07,99.42,99.25,99.25,99.25,0.01,0.99,0.99,TreeStacking,Rename Variable
17,TBStack-DT,GR,99.43,99.33,99.53,99.43,99.43,99.43,0.01,0.99,0.99,TreeStacking,Rename Variable
18,TBStack-DT,GR,99.13,98.98,99.29,99.14,99.13,99.13,0.01,0.99,0.99,TreeStacking,Rename Variable
19,TBStack-DT,GR,99.24,99,99.48,99.24,99.24,99.24,0.01,0.99,0.99,TreeStacking,Rename Variable
0,Stack-LR,GR,85.94,85.54,86.49,86.01,85.94,85.94,0.1,0.93,0.75,Stacking,Replace Variable With Attribute
1,Stack-LR,GR,87.62,87.35,87.98,87.66,87.62,87.62,0.09,0.93,0.75,Stacking,Replace Variable With Attribute
2,Stack-LR,GR,86.83,86.83,86.83,86.83,86.83,86.83,0.1,0.93,0.75,Stacking,Replace Variable With Attribute
3,Stack-LR,GR,88.15,87.98,88.37,88.17,88.15,88.15,0.09,0.94,0.75,Stacking,Replace Variable With Attribute
4,Stack-LR,GR,87.28,87.45,87.07,87.26,87.28,87.28,0.1,0.93,0.75,Stacking,Replace Variable With Attribute
5,Stack-LR,GR,87.74,86.44,89.52,87.95,87.74,87.74,0.09,0.94,0.75,Stacking,Replace Variable With Attribute
6,Stack-LR,GR,86.18,87.57,84.33,85.92,86.18,86.17,0.1,0.93,0.75,Stacking,Replace Variable With Attribute
7,Stack-LR,GR,87.12,87.73,86.3,87.01,87.12,87.11,0.1,0.93,0.75,Stacking,Replace Variable With Attribute
8,Stack-LR,GR,89.3,88.54,90.29,89.41,89.3,89.3,0.08,0.95,0.75,Stacking,Replace Variable With Attribute
9,Stack-LR,GR,87.12,87.84,86.15,86.99,87.12,87.11,0.1,0.94,0.75,Stacking,Replace Variable With Attribute
10,Stack-DT,GR,81.03,81.05,81.01,81.03,81.03,81.03,0.19,0.81,0.62,Stacking,Replace Variable With Attribute
11,Stack-DT,GR,79.66,81.19,77.21,79.15,79.66,79.65,0.2,0.8,0.62,Stacking,Replace Variable With Attribute
12,Stack-DT,GR,80.84,81.74,79.42,80.57,80.84,80.84,0.19,0.81,0.62,Stacking,Replace Variable With Attribute
13,Stack-DT,GR,82.14,82.5,81.59,82.04,82.14,82.14,0.18,0.82,0.62,Stacking,Replace Variable With Attribute
14,Stack-DT,GR,81.15,82.05,79.76,80.89,81.15,81.15,0.19,0.81,0.62,Stacking,Replace Variable With Attribute
15,Stack-DT,GR,82.31,83.2,80.96,82.07,82.31,82.3,0.18,0.82,0.62,Stacking,Replace Variable With Attribute
16,Stack-DT,GR,80.1,81.62,77.69,79.61,80.1,80.08,0.2,0.8,0.62,Stacking,Replace Variable With Attribute
17,Stack-DT,GR,81.27,83.1,78.51,80.74,81.27,81.26,0.19,0.81,0.62,Stacking,Replace Variable With Attribute
18,Stack-DT,GR,80.58,81.96,78.41,80.15,80.58,80.57,0.19,0.81,0.62,Stacking,Replace Variable With Attribute
19,Stack-DT,GR,81.25,82.47,79.38,80.89,81.25,81.24,0.19,0.81,0.62,Stacking,Replace Variable With Attribute
0,TBStack-LR,GR,94.69,93.45,96.11,94.76,94.69,94.69,0.04,0.98,0.9,TreeStacking,Replace Variable With Attribute
1,TBStack-LR,GR,95.22,93.52,97.16,95.31,95.22,95.21,0.04,0.98,0.9,TreeStacking,Replace Variable With Attribute
2,TBStack-LR,GR,95.26,93.45,97.36,95.36,95.26,95.26,0.04,0.98,0.9,TreeStacking,Replace Variable With Attribute
3,TBStack-LR,GR,94.81,93.76,96.01,94.87,94.81,94.81,0.04,0.98,0.9,TreeStacking,Replace Variable With Attribute
4,TBStack-LR,GR,95,93.25,97.02,95.1,95,95,0.04,0.97,0.9,TreeStacking,Replace Variable With Attribute
5,TBStack-LR,GR,94.81,92.02,98.12,94.97,94.81,94.8,0.04,0.97,0.9,TreeStacking,Replace Variable With Attribute
6,TBStack-LR,GR,94.98,92.93,97.36,95.09,94.98,94.97,0.04,0.97,0.9,TreeStacking,Replace Variable With Attribute
7,TBStack-LR,GR,95.34,93.54,97.4,95.43,95.34,95.33,0.04,0.98,0.9,TreeStacking,Replace Variable With Attribute
8,TBStack-LR,GR,95.91,94.01,98.08,96,95.91,95.91,0.03,0.98,0.9,TreeStacking,Replace Variable With Attribute
9,TBStack-LR,GR,95.99,94.47,97.69,96.05,95.99,95.98,0.03,0.98,0.9,TreeStacking,Replace Variable With Attribute
10,TBStack-DT,GR,91.75,92.59,90.77,91.67,91.75,91.75,0.08,0.92,0.83,TreeStacking,Replace Variable With Attribute
11,TBStack-DT,GR,91.95,93.26,90.43,91.82,91.95,91.95,0.08,0.92,0.83,TreeStacking,Replace Variable With Attribute
12,TBStack-DT,GR,91.44,92.89,89.76,91.3,91.44,91.44,0.09,0.91,0.83,TreeStacking,Replace Variable With Attribute
13,TBStack-DT,GR,91.51,93.28,89.47,91.34,91.51,91.51,0.08,0.92,0.83,TreeStacking,Replace Variable With Attribute
14,TBStack-DT,GR,90.43,92.26,88.27,90.22,90.43,90.43,0.1,0.9,0.83,TreeStacking,Replace Variable With Attribute
15,TBStack-DT,GR,91.23,91.45,90.96,91.2,91.23,91.23,0.09,0.91,0.83,TreeStacking,Replace Variable With Attribute
16,TBStack-DT,GR,91.06,92.45,89.42,90.91,91.06,91.06,0.09,0.91,0.83,TreeStacking,Replace Variable With Attribute
17,TBStack-DT,GR,91.63,92.66,90.43,91.53,91.63,91.63,0.08,0.92,0.83,TreeStacking,Replace Variable With Attribute
18,TBStack-DT,GR,91.54,93.37,89.42,91.36,91.54,91.53,0.08,0.92,0.83,TreeStacking,Replace Variable With Attribute
19,TBStack-DT,GR,91.63,93.65,89.33,91.44,91.63,91.63,0.08,0.92,0.83,TreeStacking,Replace Variable With Attribute